person_id,baseline_memory,training,engagement_after,help_seeking_after,memory_after
1,59.82561834,1,0.41512277,1.17392560,60.93204286
2,49.49943653,1,-0.04875851,2.24742673,44.10556647
3,38.01744532,0,1.17257251,-0.15091250,47.71603607
4,49.24644767,0,0.58986472,2.73585846,41.09322832
5,44.69851090,1,1.61469706,1.79578800,49.46391682
6,57.44822955,1,1.44787583,1.86440446,63.22891191
7,42.36651286,1,0.70561019,2.32197139,45.79964587
8,61.07178720,0,1.31903790,2.29827749,57.04393783
9,46.30267873,1,1.00335726,1.72342187,49.37008565
10,60.10914365,0,0.31304358,0.95369381,50.55787312
11,45.00466553,0,-0.00879029,0.39866284,46.72123166
12,41.33863260,0,-0.69732380,-1.59432280,49.61168482
13,17.61940852,0,-0.33324184,1.33774797,25.16917303
14,53.01027993,1,0.88038894,2.07563520,48.89659044
15,52.78063140,0,-0.34036798,0.03058776,58.44763872
16,39.05792522,0,0.23993143,0.39067297,39.40998676
17,42.22372875,1,1.35506649,0.57791127,51.53123754
18,36.65811041,0,0.25758553,1.00035294,30.09115965
19,66.56696417,1,0.95008238,-2.24691818,69.63357881
20,58.89639279,0,-0.85958310,-1.29872856,56.10910597
21,56.36060011,1,1.61689627,3.17596874,48.93138984
22,41.64139356,0,1.43830794,1.12312358,47.13021658
23,44.83209863,0,0.08639177,-1.68827763,50.82388203
24,51.51226721,0,-0.61321138,0.38475513,50.30805684
25,37.52516254,0,0.18341232,1.84543775,37.15968255
26,59.71212160,1,1.36041215,-0.04920722,63.95403686
27,44.59789024,0,-0.07239258,-0.47132489,46.56292518
28,31.55355201,1,0.04736564,3.96713139,29.57314841
29,50.83795768,1,1.81876894,2.13925586,44.22685238
30,62.51871498,1,1.61053174,-0.42846629,59.05240137
31,47.75632112,0,0.54372973,-0.42249686,48.24424115
32,54.73241283,0,-0.00472836,1.61534086,52.73015953
33,37.75105290,0,0.19556123,-0.58156319,44.15293104
34,47.64758232,1,0.45125705,1.69559714,46.89315530
35,36.64374977,0,-0.23071799,-0.50078916,44.42740379
36,50.95801805,0,-0.02354098,2.44509559,44.25812865
37,36.57873854,0,-0.00399593,1.64751268,43.46775829
38,31.20673532,0,-0.48721512,-0.15224576,34.50622980
39,48.31889287,1,1.24205814,2.02042964,46.84971511
40,62.28315356,1,1.16955246,2.41409722,62.86046878
41,44.86618337,1,0.58464445,1.62717787,44.65867238
42,51.01323623,0,0.58384837,0.57804285,43.02833887
43,56.93446324,1,0.64365596,3.77522552,45.72085575
44,35.71117884,0,-0.30210176,-0.85382535,36.96264388
45,70.25898953,1,2.09478827,3.01893158,63.49748958
46,54.05541234,1,1.90901446,2.91631560,50.22677650
47,41.49857414,1,1.52502716,2.28956422,44.22950631
48,67.80382255,1,0.46936398,1.68858765,66.58885963
49,49.62817917,0,0.93478896,-0.44566586,56.72717676
50,40.39876249,0,-0.42892150,0.58948059,39.56850678
51,41.73332961,1,0.91039581,1.30090662,49.47927621
52,45.13363185,0,0.64212577,-2.73036913,56.67751516
53,55.36096375,1,1.53157778,-0.08662792,68.32117506
54,52.30627823,1,-0.48242620,2.79197332,48.50391304
55,45.10941357,0,-0.32611881,1.25783452,37.70079490
56,65.33599153,1,1.01874497,3.44171146,59.76461791
57,44.86189638,1,0.82091681,0.78844236,48.44553556
58,26.13551936,0,0.41609485,0.42474617,25.82017207
59,25.06910794,0,-0.24289389,2.50405591,28.47924382
60,67.87780355,1,2.11330239,-0.06586709,72.45751009
61,62.38800434,1,1.69243207,0.99450349,64.82203781
62,77.71267439,1,1.96213439,0.23447363,73.63548504
63,51.85085010,0,-0.40212431,0.94277082,48.83028926
64,40.73978858,0,-0.48609071,-0.03934965,44.01343463
65,67.31824565,1,2.02401259,3.01020998,58.23404443
66,48.62228784,0,0.53304039,-0.25253477,49.52919671
67,56.50792421,1,0.12893473,2.05125440,49.31445540
68,52.44318161,0,0.41841226,-0.62932660,51.03915351
69,51.24471282,1,0.80129108,0.69955252,58.92626313
70,35.10423258,0,0.31404026,0.27590137,45.76349041
71,44.40708515,0,0.26091738,-0.06239284,44.28591510
72,42.49584664,1,1.33136746,1.66847664,45.21285640
73,46.03137436,0,-0.61963606,0.00100224,42.75161722
74,41.18719510,1,1.16159887,0.17490468,47.62447173
75,51.46685895,1,0.76787132,2.21591616,55.89856906
76,49.44678637,1,1.47722455,2.02961551,55.30195382
77,45.62441403,0,0.00823977,-1.33409963,50.93457499
78,42.67864827,0,1.20757436,-1.70318701,49.24779538
79,34.93213419,0,0.48437059,0.47558285,34.83590995
80,51.18760845,1,1.60238208,1.18812749,50.45666989
81,47.32459086,0,-0.18997807,0.01562282,46.35582308
82,71.61044194,1,0.23209730,2.37088331,70.09312640
83,57.39198505,1,0.80077544,3.51846543,52.46879441
84,49.44049892,1,0.71753631,0.81130027,54.97895194
85,59.03537556,0,0.87937810,-1.46328637,63.44245286
86,49.71525022,0,0.01721337,1.33381304,45.98086390
87,31.54066152,0,-0.93332131,-1.89166166,46.59000369
88,54.22885778,0,-0.31095455,1.40801745,49.90725157
89,41.44212013,1,0.71239359,-0.86578360,56.81526319
90,58.09819919,1,1.54106883,3.17230602,57.76997123
91,37.59040595,0,-0.28070597,-1.78032092,42.82838486
92,61.87763785,1,0.11255354,1.47675768,54.36268821
93,46.47749337,0,-0.20925457,-0.74971720,44.36623510
94,26.52849969,0,-0.54491292,0.15802246,32.97206076
95,55.63915902,0,-0.17030428,-1.33642866,54.62145583
96,47.43551239,1,2.51410299,3.85129411,44.18571998
97,28.89688956,0,-0.47614724,0.62665412,29.12733581
98,41.99193371,1,0.95044604,2.70836766,42.71467151
99,32.78886224,0,0.59574961,0.98323023,34.94914871
100,52.72699317,1,0.11868820,0.08510472,55.22642478
101,59.71866016,1,0.79321899,0.46554541,58.69769899
102,45.73317724,0,0.08211396,0.54743368,45.77324776
103,48.95496897,0,1.01080390,0.97767523,52.36235817
104,65.32128334,1,-0.27797172,1.19945024,61.24176772
105,47.71109151,0,-0.40818430,-1.18559182,47.04712010
106,37.93361149,0,0.57999502,-0.71003310,41.53020349
107,45.76298888,0,-1.27920019,-0.95387458,45.34034529
108,34.30239818,0,0.04677976,-0.38999308,36.55726394
109,56.07671692,1,-0.06036900,0.63040969,56.98701302
110,68.31785496,1,1.76512253,1.58212482,62.52237086
111,39.13017606,0,-0.22977025,-1.07190746,44.88373569
112,71.16964626,0,0.03110227,0.35858045,63.67419153
113,55.64080069,0,-0.77243764,-0.44871038,54.23210258
114,56.29706165,0,0.52965210,2.68221538,51.77017620
115,54.44736054,0,-0.04460618,-1.00115744,55.14899567
116,46.24969611,1,1.01040288,1.92431129,46.99975292
117,51.77845431,1,0.15642413,1.79937410,47.77159485
118,55.78095795,0,-1.41550954,-0.62519994,51.70516860
119,34.97355008,0,-1.19810799,0.81975800,35.75574517
120,47.39212243,0,0.01486142,1.20063459,48.44125276
121,38.14521803,1,2.24174738,1.31663827,42.26198232
122,46.99117431,0,1.51579083,0.93860398,44.30221291
123,47.58260297,1,-0.07262498,0.65731216,54.75328703
124,65.04710725,1,1.48366611,1.45354926,60.64035943
125,44.01694970,0,-2.02766714,0.95392601,41.61485603
126,36.07873149,0,-0.51886472,0.42544502,37.64342973
127,60.67232707,1,0.69922821,0.93871548,60.05433225
128,49.01477089,0,-0.55410532,-0.13500504,50.92216633
129,41.19103729,1,1.00927024,0.28556646,43.90320911
130,52.58005116,1,1.50778450,-0.11777895,50.53510208
131,61.94383824,0,-0.37322238,-0.06307067,57.88021686
132,40.89953567,0,-1.38895486,0.74020747,38.45407177
133,49.85038742,1,1.80769687,1.54399232,57.83456884
134,46.53905811,0,0.48407212,2.43682293,39.05013094
135,24.49732844,0,1.17325743,2.26712491,24.57551793
136,66.77179752,1,0.91151950,1.58588337,68.04217525
137,38.53930887,0,-0.77503775,0.67165234,48.29346292
138,49.20763585,0,1.18416455,-0.92583198,53.05443922
139,55.94721204,0,-0.35303566,1.43250653,46.83575361
140,50.52994913,1,1.99660377,0.17026536,53.45362239
141,54.48869808,0,1.04944275,-0.84160032,55.05127400
142,64.40570765,0,-0.26135214,-0.72141362,54.58225082
143,51.14545907,1,1.30524359,-0.43281476,57.50861543
144,51.98910509,0,-0.39843794,0.74488594,52.75058450
145,51.47966988,0,0.91775177,0.46959540,49.88664127
146,53.21090129,1,1.15828227,0.14732694,60.61983283
147,52.37581304,1,1.60421542,0.14786916,52.31610351
148,50.70510531,0,0.09685743,2.78304808,48.09969743
149,32.18058093,0,-0.58876955,-1.04441098,38.95187542
150,47.10442037,1,0.42328162,2.18924179,50.50164849
151,46.23245797,1,1.35191937,-0.28252122,56.90940439
152,51.08431184,1,1.73291210,2.22205224,55.73504760
153,45.80591087,0,-1.07622266,0.30956040,47.87002393
154,76.35779410,1,0.82905022,1.94146577,69.86829433
155,42.45334628,1,1.34139882,2.04438862,43.55780630
156,53.11181344,1,0.87519111,3.20937470,51.57005476
157,58.00220409,1,0.62461847,1.59971271,58.94275475
158,39.45849548,0,-0.78931551,-2.80729599,45.93499982
159,49.24590703,0,-0.17920309,-1.30576939,57.09866373
160,47.15455751,0,0.01238731,0.16153768,45.96682624
161,47.56744459,0,1.49313215,2.95774979,39.99402531
162,35.03320494,0,0.59401649,0.55011694,39.99700554
163,35.00059046,0,0.65055515,-0.75368828,39.88018884
164,48.13219197,1,0.18500659,1.73217926,53.70464282
165,50.35062885,0,0.17963860,-2.36232432,54.25524835
166,46.72796950,0,0.94560555,-1.55286776,52.21102125
167,54.92679983,0,0.52651780,-1.48214516,57.26356193
168,48.67233406,0,-0.46789264,-1.26876820,47.47142180
169,46.22272394,1,0.78610600,0.32714452,59.06831659
170,53.89711520,1,0.75072549,0.44315793,56.11814220
171,38.14690950,1,2.21244771,2.38143835,44.47575079
172,40.55520399,1,1.63610029,0.64664745,46.28216578
173,63.12005378,1,1.50043924,0.22441978,71.80817076
174,53.71624706,0,-0.42844103,-0.42394615,50.49463309
175,38.65063700,0,0.05232071,3.00484749,34.09062660
176,49.73766123,0,1.89937207,-1.79910991,58.65233248
177,64.05569486,1,0.10075910,0.80984509,66.88702468
178,48.97702771,0,0.62663851,0.15197279,46.34941232
179,21.61581874,0,-0.08735221,1.52826394,24.08420758
180,54.18259534,0,-0.03405794,-0.41276158,49.80078150
181,42.11904833,0,-0.20504490,1.10006892,43.16859306
182,71.27376056,1,0.71163257,-0.10836524,69.57966333
183,42.43600881,1,1.65160222,0.12710428,47.52204843
184,47.24081458,0,-1.60273766,-0.66225590,47.46298439
185,62.24456041,1,2.76021856,1.32365138,60.42660409
186,51.16579152,0,0.46660018,0.23367101,54.97886565
187,63.42908711,1,0.87351420,4.03270178,53.53841028
188,63.51233986,0,-1.39166348,0.97801925,60.39297913
189,43.46643353,1,1.56764505,0.21568570,47.67283625
190,63.63505276,0,-0.32757437,-1.25697848,60.79613110
191,55.40381719,1,0.41010853,-0.67878228,59.82175365
192,42.86337191,0,-0.03038941,0.79598543,48.94862820
193,37.18624283,0,-0.61654782,0.23499451,38.12203860
194,37.16507055,0,0.07341829,0.18375983,42.38457329
195,56.80478156,0,-0.79994543,-1.55952541,61.23322236
196,51.05247044,1,1.54803440,-0.31656989,60.53359862
197,37.70908106,1,0.30542674,2.29913358,43.05574840
198,62.56379650,1,1.41807743,2.67855563,58.05673711
199,44.73043730,0,0.25133194,-0.29209055,41.84737826
200,47.64184638,1,1.36661926,0.06395184,49.56255795
201,43.50655049,0,-0.30793762,-0.51157852,47.16303745
202,52.27156426,0,-0.41331204,-0.76711613,47.78118868
203,45.66266141,0,-0.54742356,1.45976979,40.07014214
204,46.29907717,1,0.50278220,0.48690088,56.70004178
205,55.25793866,0,0.37036244,0.20206447,55.65084922
206,46.59717950,0,-0.37090605,-1.67509830,51.73702729
207,30.76492452,0,-0.22011214,0.21710881,36.99061700
208,43.47862406,0,-0.66506305,0.91756236,43.22645597
209,46.97591496,0,-0.50243794,-0.53701969,48.86239536
210,52.88408285,1,1.47255599,2.93140065,51.67786817
211,40.60331127,0,0.39605947,1.91002851,45.70197838
212,41.86416429,1,1.80499104,1.15931550,45.48723768
213,55.38472406,1,1.46578843,0.18827130,54.52422642
214,73.51143338,1,0.03369487,1.18275646,62.74445757
215,39.32311813,0,-0.86766674,1.00117964,40.34615211
216,23.49415513,0,0.34410516,-0.16658506,35.36826012
217,51.01253742,1,0.63840649,5.27074088,47.76811112
218,43.80109027,0,-0.54085391,-0.10545768,40.08603387
219,64.28808019,1,0.74327416,1.49059400,61.77688801
220,71.23971192,1,2.69584528,1.36672937,61.51713143
221,58.32421420,0,0.21357438,-0.31248447,62.04827128
222,39.49475695,1,0.47890771,0.78329230,42.56322812
223,55.71935590,1,1.02594835,-0.12812207,56.56119405
224,38.29848394,0,0.68278156,0.82641060,46.28860961
225,63.52048459,1,1.11959774,1.00628464,58.06691656
226,40.80834994,0,0.38873887,2.06399025,38.61617086
227,45.50065812,0,0.77125688,-3.01289831,56.45511045
228,34.99292992,0,-0.11676449,-2.01194804,45.98781544
229,52.83282756,0,0.69487631,-2.49150601,56.96466960
230,43.36435181,0,-0.95202147,-0.99744384,42.02537751
231,70.67381081,1,1.73098012,2.50552377,70.08185209
232,33.82195022,0,-0.04833411,2.71750433,30.94861938
233,61.22055827,1,0.65607801,1.78851476,53.91777923
234,62.64576114,1,1.99700909,4.00619573,57.21044340
235,35.99181824,0,0.25240792,-0.46553614,41.26786895
236,63.27712374,1,1.58564411,0.41737445,65.34134715
237,63.96872023,1,1.05746903,1.54368643,66.50061377
238,38.99220521,0,1.21660999,-1.94641497,49.90010797
239,40.25381780,0,0.20259512,0.46200501,45.48858559
240,57.54464645,1,1.48939962,1.85970506,53.42197429
241,51.93245443,1,0.89983185,1.50033880,49.82702143
242,58.22369248,0,-0.32807337,-1.06109988,59.26151869
243,50.81988462,1,0.23709016,0.47320681,50.21049300
244,43.10867051,0,0.35244268,0.62265100,43.76533065
245,53.24093732,1,1.63974651,2.47090539,51.42710526
246,29.15934772,0,0.55458418,0.77982801,34.01031123
247,47.97010845,0,-0.34816906,0.67270708,48.03376793
248,39.29499205,0,-0.00831118,0.56295330,41.55319619
249,34.91367964,0,2.01378062,1.27500542,39.01506452
250,40.15295979,0,0.35655015,2.91714987,38.62444611
251,54.29692801,0,0.01039359,-0.45735989,52.03857869
252,37.51949113,0,0.38870922,-0.71794308,43.36503079
253,51.29238131,0,-0.66375431,-0.94476345,55.33112408
254,58.89181311,1,1.24079046,2.59483180,51.62915077
255,34.53309484,0,0.14528149,0.21760826,34.75529389
256,35.19346087,1,1.01837615,2.09336079,37.93015294
257,53.14495698,1,1.30345400,3.05104279,53.15216712
258,58.34868433,1,1.82848968,2.30394747,51.56651874
259,37.87716175,1,0.56210990,1.37774822,38.36029420
260,66.71422081,0,1.47475684,0.13778516,61.26848988
261,61.79641007,0,-0.25007952,0.60365073,55.02122591
262,55.98118247,1,1.56135089,2.10832815,56.33452787
263,57.07717770,1,1.07706708,1.65923970,57.15570197
264,37.62215123,0,-0.09964939,1.45663886,40.16748206
265,65.00488514,1,2.38944301,1.63747082,64.11259013
266,59.86904837,1,1.08984999,1.01733675,61.86027529
267,59.89681114,1,0.15788562,1.88567498,49.16927985
268,51.82250312,1,1.86031246,-1.05887370,60.04740041
269,68.29650556,1,0.55011019,1.58794583,63.08651007
270,40.99680651,0,0.37289472,0.10781800,49.58286838
271,47.56149140,0,0.47951905,0.15038652,50.40850278
272,43.94254636,0,-0.02075130,0.54958859,49.99382510
273,45.23705254,0,-0.81802931,1.65003908,41.98473805
274,45.87860461,0,0.61608749,0.32453737,46.44098397
275,51.86441507,0,0.21816194,2.08895330,48.24975231
276,66.75223177,1,1.51180399,-0.09140062,68.30503845
277,50.07012863,0,0.15011579,0.43823597,50.96564330
278,45.61170692,1,1.01272633,2.86024281,50.81175833
279,65.21978380,1,1.12299787,2.46553425,63.31362634
280,44.48365071,0,0.61351508,2.12620172,46.06085274
281,77.52577441,1,0.78762869,1.05576451,66.05487165
282,47.42912469,0,-1.56289949,-1.82959627,55.78551733
283,42.28514965,0,0.61484703,0.91735405,38.92642363
284,48.75260976,1,0.31150422,2.26337539,57.11287461
285,50.56651105,0,0.56333061,2.02536479,47.55480774
286,30.97182764,0,0.07238367,-0.31934955,43.62806606
287,46.75564559,0,-0.11195280,1.88163438,42.66178479
288,42.16063437,0,-0.06064987,0.76300871,44.32627665
289,49.44786190,0,0.40209593,-0.75447906,53.93525209
290,36.11917054,0,-0.20563733,0.44398051,40.85998398
291,51.72697653,1,1.65458375,1.92598004,58.29214672
292,47.58650306,1,2.37177680,0.97282320,53.99505666
293,50.59040490,1,0.94879362,1.49877313,57.22509784
294,67.04371044,1,1.34131372,-1.96621109,69.27935327
295,34.27661634,0,0.29259208,-0.71896785,48.57271455
296,25.95155841,0,0.62242809,-1.23305592,34.55114779
297,40.43340783,0,0.51989426,-0.96256711,46.99749095
298,39.92590972,0,0.01782271,0.02451386,47.40489201
299,55.12872312,1,1.43816632,0.35138964,59.84220452
300,47.48376576,1,1.39090434,0.05698468,56.39138702
301,58.97086612,1,1.46530995,2.97223147,53.29366533
302,57.29518281,1,1.39031412,0.96401703,60.44411395
303,32.91586505,0,-0.47793976,0.65883783,34.61159894
304,44.02010639,0,-0.85276043,-0.54068096,46.61710099
305,46.68552253,0,0.76854277,2.51773785,37.29134575
306,47.67198132,1,0.72665341,2.00669500,47.41730136
307,59.88212628,0,0.35034923,0.78991677,55.97293821
308,53.12006392,1,2.66111372,1.88592260,55.76386340
309,53.60312243,1,1.61740543,0.47687241,53.25928044
310,58.25278261,1,0.62176748,1.37220424,57.70871097
311,47.97590607,0,1.68820923,2.15238832,47.92663241
312,42.00247374,0,1.09607235,1.56360461,41.30071538
313,32.48021775,0,0.18991925,-0.44716830,36.92295315
314,39.56749694,0,0.56447182,0.40606595,43.10383511
315,57.41784871,0,1.89022728,1.74170943,47.21700640
316,58.19551156,1,1.67135365,-0.29179852,63.06662211
317,68.67123291,1,0.38377246,2.67109644,57.99808747
318,32.95936627,0,0.01696527,-1.93995568,42.45905528
319,36.46145023,0,-0.32567619,-0.38862772,47.87052916
320,49.99662473,1,1.66036004,2.41036161,46.33093695
321,69.21188439,1,1.80512670,2.39025284,58.09811475
322,55.10483714,0,0.14608268,-0.36221833,55.10366033
323,58.52440196,0,0.50814001,0.33140606,56.20501715
324,62.13531290,1,0.37979390,1.20117400,62.88868037
325,48.27362449,0,-0.04872913,-2.96950419,54.48329893
326,50.50573411,1,0.67714775,1.36063445,46.23798619
327,52.36306668,0,-0.75929854,0.29801419,46.84420795
328,58.86601113,1,1.56172036,0.49522260,59.76382425
329,51.37728748,0,-1.18597790,-1.08803001,50.09679185
330,65.51480774,1,0.74081665,1.37688956,59.41603835
331,54.60129655,0,-0.13503023,0.72286038,48.12227844
332,49.01286858,1,-0.57187778,3.50231316,41.37408996
333,63.28322690,1,0.10762224,1.80611740,60.78123759
334,66.15831848,1,0.75857140,0.52690871,64.03477277
335,51.85919970,0,0.36214969,0.17862460,57.03555122
336,51.17005988,0,0.87932926,-1.22360081,53.59541487
337,52.22798950,1,0.52641684,0.86533596,53.83421185
338,45.31889366,1,1.12228823,3.57077838,41.77645270
339,44.98501318,0,0.61806901,-0.10111637,41.48644843
340,67.93163660,0,0.37817019,1.59455973,61.24410529
341,42.89008270,0,0.89921616,1.64035267,41.14132169
342,53.93211646,0,1.14690462,-0.53179528,55.73915836
343,39.03499998,0,0.82487003,-1.99352200,45.04224314
344,50.83043275,0,-0.41495060,-0.83333105,49.05230823
345,58.82183860,0,-0.02134477,1.14145147,50.51963169
346,42.41566773,0,-0.36323679,2.03038828,46.08998642
347,53.80302674,0,-1.25436740,-0.78087075,55.71896507
348,25.09042949,0,-0.12531348,-0.73595698,30.81422185
349,43.91161536,0,0.10648486,-2.15934178,47.67480498
350,55.74511022,0,0.15884658,2.05898851,43.52554285
351,38.37583936,0,-0.38895351,2.92473567,34.14290523
352,53.62727919,1,1.33934586,-0.81619573,52.69705664
353,59.37418726,0,-0.95344130,-0.83892908,59.10029153
354,61.98837217,1,2.30695795,1.80436308,60.21791099
355,46.29709126,0,-1.19524860,0.47915041,41.99918270
356,47.55976339,0,-0.89018538,-0.96385756,47.22788643
357,51.90597089,0,-0.26746952,1.08512571,49.28968398
358,44.02271628,0,0.46217584,-1.13481442,44.61599634
359,49.43915524,1,1.68147399,-1.36226276,58.04608555
360,54.50229911,0,0.51441627,-2.29330888,57.61984074
361,46.80631258,0,-0.21569478,-0.84834564,50.91867021
362,61.48546921,0,-0.37456736,-0.47943938,60.72484090
363,45.31521323,1,1.94060622,1.42958451,55.08485170
364,57.49841411,1,0.90551098,2.27381011,52.59734528
365,60.25466822,1,0.99058343,0.88856243,60.92032047
366,43.91430252,0,0.43240595,1.50057913,46.60850175
367,58.11715780,1,0.89784837,1.32639767,58.65396639
368,57.53804088,0,-1.12854706,0.40355981,53.13943844
369,54.94177017,1,0.38704871,2.50596530,52.41849678
370,34.71982573,0,0.22693649,0.09532981,43.75029999
371,74.32452715,1,1.06087736,0.11589670,70.67386515
372,36.30640143,0,1.52485277,-1.53103295,46.49545575
373,54.90883631,1,1.30823242,1.88789285,54.00998886
374,36.58743659,0,0.39671130,2.00504888,35.25267757
375,38.02100907,0,0.64241625,-0.09607059,43.47508642
376,59.69427937,1,1.34046937,3.66325749,55.53711502
377,51.80133578,1,0.28792152,2.14011844,45.73680067
378,82.96869555,1,0.20584458,2.78794871,68.28206271
379,34.70477763,0,-0.92487496,0.03229228,36.18965820
380,44.05468725,1,1.38066077,1.92843350,45.70463146
381,51.73628664,1,2.58139630,0.22700153,53.31916933
382,47.51473218,1,1.47784055,-0.08621695,53.10067931
383,65.87694832,1,0.69177402,-0.07650562,60.39841010
384,22.87631293,0,-1.86305079,1.63483434,25.71085669
385,50.92802103,0,0.61124749,0.33578630,52.80801952
386,36.66099979,0,0.65756202,-0.72615904,37.47136881
387,53.43950714,1,2.05784034,1.19865526,48.42742998
388,50.85154253,0,0.20938672,0.94489490,50.71380845
389,54.53374364,1,0.12415269,2.71189627,52.86000299
390,59.21506044,1,-0.66488131,2.50469979,56.93156905
391,56.98833571,1,-0.29729602,2.74458220,48.40250721
392,53.92324279,1,1.56002799,0.65994885,52.63441623
393,61.25702249,1,0.52695926,-1.51433557,64.07970840
394,65.00915163,0,-0.21461682,2.97963615,60.07585954
395,29.51146472,0,1.04676111,-0.66604144,36.05574213
396,47.65400983,0,1.14170661,-1.36086597,50.01042892
397,55.63337876,0,-0.07021656,-1.38040503,58.21103564
398,47.18432167,1,1.17649609,0.72439860,58.90019218
399,53.52997062,1,0.00263839,2.23659106,49.94935686
400,42.60964299,0,1.76448985,0.71148179,44.63992179
401,59.33667405,1,1.10812204,0.25831070,63.73470563
402,70.11874372,1,-0.16092273,1.95410418,63.16434756
403,63.21633442,1,1.26813809,0.19636012,61.71688131
404,47.58264021,0,-0.83304916,0.27992640,49.41499184
405,49.85182239,1,1.30773303,0.10413190,53.28221711
406,46.87137154,1,1.62330147,1.81978301,42.67741046
407,60.76605668,1,1.99162022,1.75200845,53.49728537
408,53.77970313,1,0.91618476,0.09926481,54.70665308
409,40.75185630,0,0.69483982,-0.18580802,45.52884410
410,53.15883940,0,0.54989814,0.17643428,49.94036609
411,55.71736055,1,0.50572195,3.70711287,49.37179542
412,46.31259157,0,0.43774073,-0.08604987,47.07151826
413,49.67071902,0,-1.11894355,0.37343774,49.80471257
414,55.12550907,1,0.62112126,-0.72546300,57.94659708
415,52.41725186,1,0.52418120,1.31168304,52.88485892
416,63.40089431,0,-0.52839007,-0.33225186,56.59125779
417,46.47185996,0,-0.29239265,-0.80352925,50.34225771
418,51.40374922,1,1.65581737,1.92200364,55.87288715
419,58.23718104,0,0.19742186,0.12995311,52.84166031
420,34.24665719,0,-0.13185048,-0.35904469,39.64730048
421,68.39661215,1,0.10573468,0.53506791,71.47021720
422,29.07480407,0,-1.22586114,0.60749016,31.68475723
423,36.55370754,0,1.09712400,-0.51482742,41.24462194
424,69.85036817,1,-0.17454547,2.92522416,59.28213087
425,47.30717905,0,0.45059804,-0.09448616,46.28576383
426,47.82382094,0,-0.57126232,1.54464529,46.37144047
427,48.98183516,0,-0.17956526,-0.82578394,53.10901132
428,55.45462072,1,1.03642090,3.96927597,49.50940754
429,54.72940658,0,0.04024814,0.81113378,54.68689031
430,40.62221887,1,0.79401109,2.55473057,41.96173822
431,37.66759924,0,0.03648497,-0.79875395,39.67817623
432,49.66583190,0,0.12242921,1.46651810,46.19587024
433,35.37654859,0,0.26440093,-0.93436295,48.30271013
434,46.78656322,0,0.16577147,1.95356127,42.00543393
435,58.20540540,1,0.83916083,1.44211961,54.96672315
436,48.70324220,0,-0.50592270,-0.32350678,49.78305607
437,40.26175837,0,-0.91942241,0.53955642,44.18369109
438,39.96368982,0,-0.64791602,2.29176482,36.28436697
439,51.07944438,0,0.89586611,-0.38253952,56.28157797
440,67.72278067,1,1.59081794,2.85524288,59.18887629
441,54.73085051,0,0.58682700,0.17688018,53.58702916
442,48.59340245,0,1.42814087,1.78156940,51.18713444
443,39.88450373,0,0.17677570,2.58910887,36.38588856
444,42.42507631,0,-0.13834865,0.75682735,38.56926998
445,47.46999213,1,1.37009992,-1.29351041,55.21981540
446,42.04194667,0,-0.63211254,1.06238745,40.87327139
447,47.86611602,0,0.39398995,-0.39072530,53.00577479
448,41.60990534,0,-0.99804233,-0.65997418,44.46974288
449,65.96109009,1,1.09706925,0.37581981,63.72555269
450,55.67346067,1,0.51460812,0.31328088,64.92730414
451,29.57945537,0,-0.47818925,-0.78457293,36.23015736
452,28.37452147,0,0.16463245,-0.15655822,34.08478975
453,48.61585787,0,-0.07601977,1.80455685,52.76041089
454,54.53750662,1,1.54021981,4.77138953,52.03679214
455,28.65258154,0,-0.06492801,-0.61974172,32.26159012
456,58.03541114,1,2.10397880,2.58083868,54.25114935
457,51.37749871,0,0.34721526,-1.63436386,48.36013381
458,42.29980793,0,-0.55591319,0.10335327,43.32744490
459,39.87798054,0,0.13050001,0.33563733,42.30197674
460,45.98553015,0,1.00271042,1.00199576,41.51808216
461,64.59382805,1,1.81581536,-1.12588327,66.05879090
462,44.48020987,0,0.08470216,0.16728126,42.04146824
463,53.38896754,0,0.72988186,1.60241502,47.55029082
464,63.56768851,1,0.30134039,1.29071946,69.27427056
465,37.85896113,0,-0.20598106,-0.02958506,40.20146514
466,56.96732865,0,0.65794188,0.06124747,55.12997453
467,52.46938482,1,1.71461775,0.51027760,57.85768899
468,38.27671027,0,0.54835967,2.01547345,35.17591023
469,59.39693210,1,1.64391562,2.48974168,59.66279471
470,63.15377480,1,0.39201306,0.99412705,56.82611127
471,50.22674417,1,0.44986206,-0.66160550,60.93407514
472,42.73926668,0,0.40034288,1.16219041,42.87662437
473,58.23215010,1,1.78035976,1.40570471,60.82150185
474,52.63251887,0,0.04282766,-0.19894078,56.35410319
475,44.73755358,1,2.80092129,0.71388932,53.90650067
476,58.41548484,1,0.04896566,-0.60568628,64.69456146
477,38.62257259,0,0.73044055,-0.07071291,45.23505359
478,55.48013749,1,1.11643412,-0.30281615,61.76585752
479,54.25329293,0,-1.14620059,-2.15191249,51.85293336
480,47.20182802,0,0.31113207,1.00858420,43.65329681
481,49.19707412,0,0.49199515,1.55905524,45.41259931
482,67.41799323,1,1.63840655,2.06403090,59.87448792
483,48.25192797,0,0.46001507,-0.52283321,54.86336861
484,49.09718558,1,1.30350058,0.74343479,53.14481513
485,46.24210196,1,2.91097280,1.90928329,47.77055175
486,56.92720850,1,1.04014167,0.98828446,61.17880579
487,47.82132460,1,1.34544787,-0.08306921,55.55326162
488,70.57432806,1,1.37357505,2.72668230,67.80987932
489,51.53395080,1,1.72086760,-0.92576968,57.26102646
490,53.95075499,1,0.54347573,2.13345746,56.58553962
491,44.91880163,0,0.03492255,-0.92158065,51.49244442
492,49.57797415,0,0.45781647,-0.72567885,56.00550990
493,49.66995130,1,1.64800885,2.19871863,48.19543551
494,62.52399470,1,-0.29186716,0.30083026,62.80411344
495,61.42827830,1,1.43243635,1.26288604,59.17523641
496,49.41886710,1,1.63041183,3.13947984,51.75326820
497,32.16682377,0,-1.16835166,-0.41635814,31.86222203
498,49.99557039,1,1.05957058,0.00941252,54.05306525
499,56.92179999,1,0.80258014,1.83594087,52.71253230
500,44.94159606,0,-0.41147423,0.25896138,43.47667203
501,41.18529361,0,0.65948180,-0.09812248,46.03515881
502,42.31757559,1,2.34689984,0.68274227,49.61763836
503,35.24196184,0,-0.80254674,1.83358761,35.74047166
504,38.72690729,1,1.69879978,1.78522203,44.19257462
505,62.98801425,1,1.35292482,0.04451523,62.63122799
506,38.65222133,1,0.62098165,0.63573532,46.40515654
507,48.05805808,0,-0.52335047,1.31669309,47.27944830
508,49.13376881,1,1.22056921,-0.40998966,55.30903517
509,43.66781122,0,-0.23534686,0.97250113,48.94921254
510,58.25954399,0,-0.35088752,2.43066287,51.42305385
511,55.30478041,1,1.32154096,1.66458945,59.56623300
512,64.90126257,0,0.28115578,0.40073449,60.40471178
513,40.62989781,0,0.41655419,0.12276994,47.28637017
514,57.58805735,1,1.15941982,1.82203832,56.29491180
515,49.16504947,0,-0.15986466,1.32008374,40.88453048
516,53.87506242,0,-0.32272673,1.43208521,51.74583511
517,57.43731020,1,0.60787043,1.29316861,56.44904936
518,76.59764305,1,2.74805528,1.71140490,72.68303681
519,59.52080758,1,1.64761403,1.12371338,66.59037668
520,44.14515321,0,0.28703629,0.09533904,40.55204629
521,46.33167960,0,0.17946306,-1.18754883,50.95526926
522,47.49544628,1,0.09143273,1.29217442,46.99163357
523,47.54386397,0,-0.65797413,0.21216509,47.02900528
524,49.10365306,1,1.18313707,-0.13694103,58.26945788
525,54.95542956,1,0.64615346,-0.08863627,57.89630915
526,41.86802303,0,0.71638404,2.24719617,45.05084112
527,67.42578236,1,1.84491133,0.89806703,69.01063944
528,60.99971851,1,0.61815507,1.12733196,58.35319139
529,54.73013580,1,2.43667507,0.95515119,56.10266457
530,59.07054937,0,-0.29528032,-1.03347293,57.28287299
531,39.95132329,1,1.53953920,1.12504507,48.64770183
532,33.08312407,0,0.01025491,-0.24087389,41.94938884
533,48.26726572,1,0.72416414,1.26895165,53.68465582
534,45.52825331,1,0.00097182,0.07963786,50.04870567
535,71.95661881,1,1.19403503,1.87301538,65.80148316
536,59.65149648,0,-0.07744903,0.34487589,52.66535563
537,51.28889309,0,0.80755109,-1.07403011,52.59024103
538,38.48256394,0,-0.53340098,1.04245746,39.95486432
539,46.75282038,0,1.26886519,-1.24337456,54.19590123
540,31.27599838,0,0.20805440,-1.97680926,42.37789846
541,53.34601856,1,0.34770262,-0.23204651,56.76675433
542,41.94024127,1,2.13386537,0.60820895,50.26431261
543,39.95061619,1,1.88312292,1.36579878,47.97068988
544,42.54643926,1,-0.46981395,2.71217805,35.08231489
545,48.74633636,1,0.86699715,1.77226253,49.94508398
546,39.33230635,1,0.64594575,1.47352360,48.57348710
547,49.60393630,0,0.04020183,-0.06956004,54.65164820
548,53.29898667,1,0.97864703,0.42590813,54.28162766
549,37.90199449,0,2.31935228,1.42767915,45.27938630
550,54.84902514,0,0.15076069,-0.37467144,53.33926153
551,56.55367563,1,0.91022899,0.80289262,64.60589243
552,71.79789521,1,1.27888222,3.32732589,65.15215604
553,44.15162887,0,1.29913731,-0.38400059,47.21904926
554,48.16335871,0,-0.69123501,1.33238152,46.76262089
555,45.45724457,0,0.53226944,-0.27698306,49.77459630
556,64.78715279,1,1.21065304,2.30392056,60.43962671
557,28.06534418,0,0.00616073,0.27179956,38.75349938
558,60.32027108,0,-0.43595308,-1.06119200,57.38044641
559,54.26434422,1,2.03748094,1.05386058,55.75339248
560,58.18814024,1,1.66343591,1.24989686,59.91431534
561,36.44328806,0,0.42994011,-0.80771380,43.26176485
562,44.34560387,0,-0.35230949,-0.12584295,47.06599398
563,57.80976014,1,3.23706558,1.31016631,59.69077459
564,48.67762555,0,0.67217294,-1.54989076,57.57536028
565,45.77051230,0,0.35419180,-1.96112952,55.26113040
566,70.26410247,1,0.03138016,1.17923286,63.70567370
567,60.26342708,0,0.32777517,0.47411187,55.09837890
568,33.85387944,0,1.40189473,0.18072392,39.69267981
569,57.40933711,0,-0.09847972,2.18796685,53.14584617
570,49.58682687,0,0.25077296,-0.30482637,50.49673021
571,63.40145686,1,1.91430169,0.19546924,63.63380511
572,55.11366378,0,-0.75239931,-1.21329536,53.64550663
573,56.77910700,1,0.00557987,0.89204282,56.13441935
574,49.80467844,0,-0.30257010,0.21019002,55.06188570
575,68.19672129,1,0.46124531,3.57168490,57.78889572
576,51.59937026,1,0.60494971,0.31011551,54.17369376
577,58.81916868,1,2.11190695,0.21939853,59.35029061
578,56.09851185,0,-0.93817558,-1.99528018,56.47252234
579,51.45324066,1,1.49748185,0.69145500,49.01411907
580,34.29162122,0,0.28040118,0.52003336,48.92648051
581,43.82422815,0,0.71792419,-0.97030210,51.19480448
582,52.87575934,0,-0.61393886,0.75278222,47.62475773
583,53.61617030,0,0.86089104,-0.99552017,62.57568769
584,56.82160952,1,1.59286607,2.17695968,58.50018437
585,62.61047604,1,1.30336924,0.53031454,62.42913584
586,61.01537807,1,1.36303453,-1.23608766,67.80740795
587,61.27550336,0,-0.85746513,0.11478423,61.05869860
588,44.24346502,0,-0.63845039,0.58406948,44.09466141
589,51.19568219,0,-0.78068632,1.75495529,45.35126540
590,40.79268505,0,-0.15287439,0.50731673,38.18613020
591,52.40491190,0,-0.83075678,0.06598322,47.26828756
592,49.00343595,0,-1.24911139,0.94263885,48.29721085
593,49.27898346,1,0.85690185,0.77526843,51.48898141
594,59.34632456,0,0.67743953,1.72486322,46.14800154
595,35.90385021,0,1.08801449,-0.81920409,46.15961734
596,66.40316178,1,1.25331029,0.83840113,65.49009672
597,44.11338951,0,0.26746806,0.73129980,44.39741495
598,53.34874074,0,-1.21454560,2.15302279,41.83731565
599,67.75419421,1,0.40171162,0.94571793,66.93816210
600,69.42358500,1,0.70550154,-0.30021042,70.10892491
601,44.60196215,0,1.00117472,-1.07684063,49.63162495
602,65.52598255,1,1.47116287,0.60769674,65.23457786
603,59.14770123,0,-0.76340935,-0.33674607,59.38207889
604,62.61997143,1,1.85937821,1.64470773,64.21744038
605,56.64135936,0,0.41933187,0.50077762,60.22647765
606,51.60780531,1,1.28613292,0.97696403,53.18973206
607,34.79658037,0,-0.24334501,1.89298380,40.17048074
608,48.01383865,0,-0.68653194,0.03925183,54.12504003
609,60.87388728,1,0.33299942,0.93763910,61.52496406
610,42.17648018,0,1.43513295,-2.35554632,47.22766371
611,62.36336919,0,0.94323212,0.86482382,55.54155129
612,22.33395885,0,1.19407602,-0.24245177,30.32474103
613,56.40066210,0,0.53198233,0.09491708,54.25386614
614,44.61123099,0,0.45338596,-1.66452510,47.89998457
615,67.23036467,1,0.75546880,-0.05913702,64.35021757
616,45.78843896,0,1.37254695,-1.25162229,51.93856817
617,31.80936794,1,0.70999382,2.88615965,37.06004838
618,38.40679316,0,0.67032073,-4.28173462,51.72309353
619,36.19310794,0,0.14426454,0.99226091,39.93882716
620,56.18481587,1,1.61744179,2.92658443,57.24676482
621,49.17137890,0,0.07557562,0.24730644,49.24789726
622,49.80848753,1,1.25728794,1.08817267,54.65302635
623,29.48591293,0,0.07288670,1.77164308,30.24659624
624,47.77746310,1,1.03109581,2.62319463,42.68769516
625,52.89117288,1,1.35662431,3.33616895,53.54783601
626,56.17079626,1,0.89855840,0.62456354,60.52429688
627,45.92085994,0,-0.13974802,-0.68331280,45.64132177
628,25.45860639,0,-0.19923590,-0.55858674,32.51575111
629,46.44875417,0,0.74496434,-2.13843809,46.37509950
630,49.17440710,1,1.04206673,1.04802125,44.74741310
631,48.72925916,1,1.46676457,1.50197026,51.21832557
632,30.14562434,0,0.72580734,-0.26014318,38.77111012
633,49.32709402,1,2.19197535,0.67107447,54.01829359
634,30.42352707,0,-0.60020688,-1.25928425,32.86556727
635,69.30610422,1,2.40791904,3.38211908,65.72947185
636,44.95662498,0,-0.72891471,1.09551530,40.88176558
637,60.30287289,1,1.32235239,1.92643281,60.44434475
638,51.00909627,1,1.56618511,-0.16478572,50.66908136
639,56.20440902,1,1.37778466,-0.14320171,58.21599502
640,58.73878531,1,0.76302608,0.36172096,57.97461711
641,40.60438120,0,0.29537835,0.03192515,47.14087237
642,45.47224226,0,0.51026316,-1.70067567,46.36268804
643,60.82711060,1,1.82172876,0.25599122,63.10622109
644,49.63999089,0,-0.52891422,-0.10646908,49.88105297
645,55.14978756,1,0.39631912,1.96033520,54.83641890
646,51.84714335,0,0.83931071,-0.59469257,55.60109612
647,43.03430601,0,-0.81419270,0.03000271,46.24102698
648,59.28212392,0,0.51655496,-1.71623905,62.24349656
649,36.29726467,0,0.70556463,2.77266673,35.71816109
650,51.23419875,1,2.38041978,1.04070255,56.84063724
651,44.38106423,1,-0.42051626,1.82098255,44.49059454
652,33.44342090,0,-0.37572847,-2.21857284,38.75418889
653,50.01237799,1,2.19380123,1.61224169,47.61120968
654,55.40069092,1,2.37398410,0.72850229,56.38757749
655,32.33648758,0,0.28303467,-1.84841224,38.16562635
656,44.26675828,0,0.38811987,-0.31086624,42.86979886
657,30.43471531,1,0.40620997,2.10873253,38.21732232
658,75.07986090,1,1.84525297,0.96439080,72.54150084
659,38.43418070,0,-0.87086076,1.80505093,38.52030264
660,34.48728605,0,0.06997872,1.35784240,29.16562045
661,65.45283184,1,-0.54557945,0.11304377,56.44020552
662,59.14034527,1,1.38328890,2.60146151,55.16593804
663,57.94408619,1,2.40000650,1.21855070,54.38460097
664,70.35322119,1,1.34506292,3.58400790,66.35433137
665,53.28848160,1,0.57039093,-1.20909482,59.14307451
666,46.57513590,1,1.79440255,1.62822221,49.62629846
667,33.92943975,0,0.21863831,-0.99022486,42.22433615
668,40.48292869,0,0.92869935,-0.46334483,46.86797222
669,61.05877515,1,1.83141604,2.76409901,56.52032363
670,41.62354918,1,1.46956813,0.18632831,54.85022011
671,46.27155916,0,-0.74991319,0.08926615,41.51616763
672,43.58544539,1,1.46860791,-0.09107448,55.19922165
673,33.29017824,0,0.10798893,-2.21301377,42.17438658
674,50.75546445,1,0.54992796,2.08825380,49.07770204
675,48.16510868,0,-0.08691261,0.86470293,44.73433938
676,33.56566224,1,2.05630652,1.49518273,34.69032102
677,61.74158442,1,1.18011044,2.64961184,50.73661994
678,46.19732263,1,1.48462763,-0.08739862,55.76444025
679,56.06990675,1,0.86259928,1.71004748,53.12317170
680,63.36697021,1,2.23248945,0.07453477,65.76412554
681,40.50062091,0,-0.46906715,-0.40748531,41.25943814
682,52.19484389,0,-1.08870152,1.22070860,49.96726227
683,64.75807775,1,1.67674795,-0.89936878,71.23558257
684,43.36593622,0,-0.49146146,-1.10976402,46.24113608
685,52.59716838,1,0.97131946,1.74857479,55.18523530
686,61.35665825,0,-1.23829328,1.20602355,51.97305176
687,41.55659035,0,0.35243435,0.24392854,40.46806096
688,50.53393870,0,1.03160219,0.92882044,43.04939555
689,50.21449315,0,-0.45945738,1.16015550,50.82830304
690,52.75355985,0,-0.16205319,-0.33701192,55.80997797
691,57.97221767,0,-0.04015138,-0.41708450,54.54615475
692,38.76211329,0,-1.05579268,-0.19916763,40.85295593
693,53.73679427,1,2.23115628,-0.14683180,58.58704862
694,27.58488021,0,-0.35069917,1.18587542,35.77226527
695,55.67802006,1,0.74696385,2.41783399,51.80804592
696,43.77216689,0,0.80197838,-1.13104267,50.84829260
697,40.01657474,1,2.79270191,2.91955978,42.49202871
698,55.01795436,1,1.06502763,1.07468548,57.36802019
699,46.91252236,1,-0.11223028,2.01196611,52.79545092
700,52.35019533,1,2.88075672,1.82523057,55.94444321
701,53.34518788,1,1.95427630,0.63126087,55.07082579
702,54.08512383,1,2.67049318,0.79122385,63.28287913
703,44.18390620,1,1.52018095,-0.38737641,53.57390440
704,54.36901544,1,0.03364474,1.47487683,55.84533748
705,44.33122220,0,-0.56467998,-1.02341843,45.62301776
706,42.96891474,1,1.24727241,-0.86346835,50.67052529
707,55.25533622,0,0.59857800,0.27598381,49.26291256
708,58.12983740,0,-0.41157540,1.07249509,52.00348931
709,29.16029092,0,0.15651140,0.38330771,33.16297432
710,49.72939773,1,1.29124454,1.24519341,46.81753238
711,44.21871221,0,-1.13296353,1.72433662,39.31204781
712,50.65494162,0,0.01849112,0.51942962,47.14953836
713,54.12101210,1,0.85289031,1.30343798,57.63125776
714,50.90470872,0,0.74683693,-1.67876183,57.00807404
715,46.77004232,0,-0.03207422,0.47983886,51.61014938
716,47.11763719,1,0.18777610,1.30686734,52.25694698
717,47.34734323,0,-0.33496551,-0.52447116,43.55026297
718,48.04042897,1,2.03711324,3.11644716,46.63249478
719,54.19782470,1,1.19012395,0.75490519,55.26166756
720,54.88716433,0,-0.00836926,-1.02917821,55.52988985
721,30.34755585,0,1.00331159,0.78521692,36.47853598
722,38.25512698,0,-1.08297296,0.81384393,37.84103782
723,52.06893731,0,-0.31861214,-1.40415013,58.17169972
724,52.90644245,0,0.36241633,-0.84927086,52.35777273
725,62.98698625,1,2.26960021,0.97365883,62.90217163
726,60.68865220,1,1.18927565,1.35307912,59.71305550
727,46.61575448,1,1.02856032,0.76003035,51.20520900
728,64.55385379,1,2.18252049,2.67072128,60.67907770
729,57.02332499,1,0.75340303,-0.00225810,60.99285696
730,43.98612181,0,-1.62289947,1.65877703,41.87791568
731,41.53908439,0,-0.26631045,1.89793696,36.70640527
732,50.63152103,1,2.14671150,-0.34604803,57.27672446
733,44.59786722,0,0.55363913,-0.72016133,40.50024983
734,55.40172144,0,0.38071437,-1.03562901,52.57624305
735,54.06718837,0,0.47454258,0.49931804,53.08914862
736,46.93102088,0,-0.43016726,-3.39019475,54.16287523
737,39.82222757,0,2.32309932,0.50216085,45.98484630
738,38.88258113,1,1.94655745,2.36836217,45.32253993
739,45.96083117,0,0.44732452,1.28846956,44.63675283
740,51.79010476,0,-1.14219328,1.61443374,43.70076189
741,40.94945687,0,0.33144069,-0.16737789,46.87887639
742,44.15320842,1,1.49142887,3.00504098,45.92534746
743,50.45066567,0,-0.86024574,-0.47281062,52.58088898
744,64.23222817,1,1.41084772,1.71650590,63.28231427
745,53.54783306,0,-0.58046139,-0.10914447,49.65733266
746,48.49933676,1,2.50847303,1.00069635,47.22934393
747,44.08409076,0,0.67741029,-0.38128061,45.09715939
748,61.13503509,1,-0.52042316,0.47151373,62.11074020
749,59.37162966,1,1.33802731,0.92423577,56.51476660
750,50.58044553,1,2.78937282,0.15775282,54.32140426
751,49.40966047,1,1.64924519,1.33108926,54.02576484
752,50.51257658,1,0.86556639,1.83978980,55.50140466
753,44.44631035,0,0.32143287,1.84867432,43.21108680
754,42.43536252,0,-0.90013776,2.20068540,37.26684328
755,55.68126339,0,0.41615544,0.01918708,55.54199330
756,43.55257957,0,-0.70761900,0.13723603,46.61271044
757,59.53292817,1,1.52097620,0.09721314,61.27723346
758,32.05353575,0,1.09862811,-1.01140432,41.45191175
759,69.69816880,1,1.54647612,3.60873540,56.15642197
760,37.87788787,0,0.12966724,-2.72237705,50.96133034
761,62.63752820,1,1.50240844,3.90750858,62.03550431
762,56.76910442,0,-1.13657106,-2.42606634,56.06331994
763,37.58095337,0,0.56508269,0.60942437,42.57819874
764,55.05295652,0,0.48743262,-1.77005845,58.37705471
765,41.92488657,0,-0.09265772,2.81222620,43.81530456
766,47.27620179,0,-0.41228626,1.46559282,44.91255744
767,47.14149162,1,1.39505799,1.72944730,46.23150618
768,50.19347105,1,1.42313797,0.60713328,56.98197745
769,51.82163805,1,1.06690133,2.21676025,53.12551324
770,32.74251053,0,1.26286828,1.72071555,34.03932529
771,40.30310205,0,-0.12376191,-0.24809494,48.91443453
772,56.79092129,0,-0.17298534,1.24417702,55.14029020
773,49.81775226,1,1.47936065,-0.77427782,60.82400869
774,55.24287453,1,0.60653259,4.77207370,47.28808311
775,47.86918867,1,1.97992770,-0.74380076,60.44729608
776,43.18273383,0,-0.55926472,0.39041757,39.56456978
777,60.81781628,1,-0.16980574,-0.52615140,63.08625006
778,37.73972090,0,-0.12682989,1.31958143,42.56211371
779,56.89867068,1,1.61422848,2.11671271,54.35663004
780,44.20830813,0,1.18814587,-0.10256594,51.73128922
781,56.78482916,1,2.07238076,1.67170055,54.29206545
782,66.27735382,1,0.95674702,0.27346497,71.18609841
783,61.72777455,1,2.68807874,1.85048569,60.99079628
784,50.09820991,1,1.38266740,1.78643817,52.13539146
785,54.69962897,1,0.91312755,1.08569845,54.16139457
786,47.01955945,1,1.09355630,4.18535698,45.63555878
787,61.30568712,1,0.37846982,1.56462460,57.07951469
788,53.74506858,0,0.34036917,1.09278301,51.07160315
789,48.25648331,0,-0.02916619,-0.78744626,52.29254236
790,49.01626957,1,2.06775588,-0.68851587,50.48994860
791,54.18897026,0,-0.24918065,2.46334052,48.91774824
792,51.25873531,1,-0.08008862,2.17551651,57.96681151
793,54.41696106,0,-0.71719637,0.54642735,52.78039313
794,68.23736040,1,1.46871013,0.37777401,64.39184067
795,47.55683813,1,1.48842264,-1.35895178,57.23990796
796,74.78153192,1,1.53425018,1.34711431,72.33072715
797,55.07918294,1,0.66526724,2.24998245,49.28844395
798,42.59048699,0,1.07282434,1.11305846,42.89365249
799,53.64109960,1,1.19555358,0.54386431,63.04735398
800,50.98201408,1,1.88662794,1.08025681,53.58475206
801,54.93678939,1,1.96765325,1.44348517,55.78920038
802,44.84953638,0,-0.49628185,0.59542123,48.72668815
803,55.32389366,1,2.27775091,-0.74642922,63.02534654
804,33.90927692,0,1.02711366,-0.71300226,38.07975565
805,63.90846136,1,-0.33205490,2.74789953,53.89571663
806,52.34986712,1,0.47288719,-0.35003118,53.05404666
807,47.40621164,0,-0.35164459,-1.16108160,49.51211497
808,55.16581614,1,1.49884342,2.40208440,55.31470620
809,52.48012446,1,1.29366512,1.15601086,54.34387977
810,48.23556447,0,0.36324082,1.25266626,47.42745794
811,41.82322872,0,0.43069332,0.36610451,41.98316070
812,55.34510787,1,1.02829968,1.19600313,55.64393822
813,53.22785504,1,1.65423727,1.32606124,57.38777080
814,45.87323089,0,0.04402089,0.15167459,47.48177484
815,51.61329909,0,0.58380148,-2.97009454,58.19744611
816,58.11521794,1,1.18862351,1.67724897,53.73802195
817,66.23147803,1,2.60941722,4.45597871,58.92843295
818,52.42758561,1,0.72353834,-0.21438343,60.65603753
819,53.31698609,1,-0.48316165,1.01014383,48.66214407
820,63.03992164,0,-0.30566802,0.51706796,56.63168105
821,50.06818203,0,0.43435951,0.33648158,48.57087847
822,33.31533335,0,-0.33196030,-0.76207035,39.26688516
823,43.37848820,0,0.91514637,-0.26342549,44.80834368
824,55.51156221,0,-0.61806182,-0.82442460,53.88372119
825,33.27809837,0,-0.95630532,-0.83759415,37.75950211
826,47.20380828,0,-0.58177325,0.12232487,48.25479845
827,64.19497603,1,2.78502723,1.90810188,62.05681593
828,51.35685353,0,-0.28095254,1.67288537,45.67289655
829,51.64397552,1,2.07228737,-0.06969781,58.87176309
830,59.99933755,1,1.32074395,3.04083606,57.93283673
831,67.15812107,1,0.52908734,2.43730312,59.72952778
832,40.11213230,0,-1.03644623,0.32225866,44.87436269
833,43.18912165,0,-0.24432609,-0.50773377,45.34456372
834,53.92937820,1,1.25220903,1.69883727,54.66073358
835,37.15910061,0,-0.10119777,0.12074075,40.61208089
836,62.19291121,1,0.97608312,0.26750402,60.01944840
837,60.74147941,1,2.38820089,2.41423441,57.21526403
838,44.82457043,0,-0.61094531,-0.59798191,51.31873111
839,49.85284482,1,2.23783878,-0.03341082,52.06888176
840,39.20540785,1,0.65627705,1.37088179,42.23616040
841,49.43189773,0,-0.67873228,2.29217442,46.67231910
842,62.21253566,0,1.65155134,1.53433595,54.67743863
843,61.87704745,0,0.16798630,-3.34517210,64.95465375
844,50.44230505,1,1.28942618,0.63288814,57.30787833
845,59.73969437,1,1.83159014,3.79425725,53.80936730
846,60.85980714,1,1.27584328,0.26825758,57.74025041
847,34.41587015,0,-0.67684924,-1.03710610,31.22848077
848,63.17723152,1,0.79500713,1.83664811,51.07018354
849,73.13542508,1,0.23272420,1.66154846,63.71880565
850,54.49734968,1,1.08420540,1.83537929,56.71104985
851,51.16778191,1,1.30859678,-0.44847229,54.39384495
852,39.16044489,0,0.46837587,-0.24833768,43.63191899
853,57.88763585,1,1.17924788,3.13817979,50.34403006
854,62.32035836,1,0.66181688,1.42833684,60.34970975
855,70.06607597,1,1.59075585,0.52685604,74.01554420
856,48.77868180,0,1.06713200,1.04355175,49.69404199
857,62.27472795,1,2.24462681,1.10116954,61.35584175
858,53.00549820,1,0.41017286,2.01591307,49.76694947
859,39.81111060,1,0.26912722,-1.08924292,54.36089974
860,36.90861172,0,0.93969143,1.95633538,40.65516283
861,35.38465487,0,1.17201374,-0.38339818,44.24008723
862,60.24672771,1,1.63998499,-0.10462620,58.05131297
863,52.57826903,1,1.86866838,1.72087551,55.72639859
864,49.85321894,1,0.83796834,2.91089866,47.33648300
865,55.97735153,0,-0.41747047,-0.18198270,50.88011959
866,53.68619722,1,0.77393934,2.24192278,53.45835978
867,52.68387939,0,-0.69624754,-1.55493221,53.80926917
868,46.25054479,1,0.91970646,3.28555913,43.69448314
869,34.96211302,1,2.18377827,4.07147434,32.78967633
870,43.48993444,0,0.35100870,0.53089406,43.07583884
871,63.42011893,0,0.53583346,-4.62973840,69.53626714
872,50.75603742,0,-0.04745996,0.85861439,52.23768111
873,49.17146187,1,0.73604749,0.08195106,53.37660568
874,43.48460718,0,0.60992648,-0.79128528,44.11212665
875,47.45842002,0,-0.00750603,-0.37569338,42.36667908
876,42.66436543,1,-0.30707339,1.63046722,48.07536119
877,60.82347051,0,-0.83003954,-1.92226586,56.37832675
878,44.96253748,0,0.70933586,-1.43206824,47.22760780
879,62.19315610,1,1.30544310,0.48008397,64.80638306
880,67.71659127,1,1.33997810,1.45438579,62.08333769
881,68.09726522,1,0.23075348,1.64802466,66.25577478
882,58.15271693,1,0.61048146,0.35115733,62.56218916
883,50.24224186,1,0.90318622,2.92832523,45.20587758
884,42.11685292,1,0.91613830,0.52706840,44.43197773
885,43.93111106,1,1.80294226,-0.14721250,53.85998101
886,40.33656065,1,1.31331871,-1.00186044,52.38817814
887,42.74431207,0,-0.37339645,1.08105272,46.17143204
888,61.11136458,1,1.14732580,2.15613838,57.83985974
889,46.75338859,0,0.37363334,0.10147041,44.69018759
890,74.95099166,1,1.95043791,1.26893463,70.40070038
891,33.83873038,0,0.97151094,2.04232210,29.62762313
892,38.19956881,0,0.47023611,-2.69108997,48.95422433
893,56.24561301,0,-1.89442517,-0.53657994,51.99570592
894,54.40238001,0,1.73955317,-1.23053748,56.60908766
895,49.44656971,0,-1.73737239,-1.62469459,52.80750388
896,50.02025137,0,0.12097422,0.04352463,52.19037350
897,38.43332741,0,0.77132519,-1.82283542,50.11048782
898,52.35492796,1,0.37293509,1.14729815,52.22257645
899,51.47703349,0,-0.67351325,-0.08948939,52.30503726
900,52.30049003,1,2.22054218,-1.67091477,59.23789646
901,58.36424518,0,1.31164320,2.46952921,53.59687374
902,38.35540027,1,0.98751337,-1.08694161,48.42996971
903,58.79722914,1,1.31909290,2.15828212,57.48351689
904,48.22543019,1,1.88786946,0.92413593,48.18128867
905,39.99615740,0,-0.18898768,-0.68329884,44.27340272
906,53.73633912,0,0.53364725,0.03093149,52.42130465
907,58.26026248,0,0.74113018,1.53773642,55.64162682
908,50.54083053,0,0.28753576,-2.57762911,55.91976385
909,61.55983086,1,2.03037370,2.61453018,55.69880479
910,44.34455203,0,0.16876571,-1.13430792,47.65727153
911,30.98450720,0,-0.20656825,-1.63816943,37.06611315
912,50.64101053,1,2.00068563,2.85059540,51.13005859
913,47.90641563,0,1.27528800,1.91281185,48.08140907
914,44.33418892,0,0.45219299,0.39470131,48.76012512
915,32.61093558,0,0.13973882,-0.83908324,37.32079945
916,41.26807641,0,0.29441654,0.62378043,45.02187770
917,47.17310880,0,0.74852543,1.11646688,46.61326018
918,56.71250780,1,2.11234501,1.92830884,61.74456913
919,51.01110828,0,0.67674980,0.25928899,49.80806574
920,61.65217522,1,1.65222156,0.59381238,57.58295105
921,43.08443126,0,-0.10771404,0.98908223,42.10619299
922,47.20199608,0,0.83810030,-2.12109606,52.98333925
923,65.52228635,1,2.50543139,-1.34775446,72.01691638
924,49.67779773,1,1.37500969,1.77555862,53.46684501
925,37.07922379,0,0.33657038,-0.38555256,41.07300565
926,56.32457507,0,0.38514563,1.32782321,50.40440823
927,61.24425965,1,1.60859210,-0.42071683,64.78688602
928,43.50782453,0,0.36948388,0.91039182,39.39457331
929,54.90755209,0,1.20073273,-0.22812760,54.36536261
930,48.35178446,0,0.27985428,-0.38821930,51.35842482
931,50.35154855,0,0.51953633,-1.00913102,50.56672206
932,70.86600306,1,1.26630219,1.35278317,64.54831011
933,60.23169908,1,2.17471949,0.98563412,65.22164461
934,55.21072119,0,0.22045970,-1.60883499,58.84693801
935,58.18682365,0,0.16116250,-0.13297600,55.95759525
936,43.78134801,0,-0.35571724,0.10252989,44.02514471
937,52.38774128,1,1.74746598,0.12056016,56.01869809
938,44.98666497,0,-0.49105057,-0.16942147,51.37496477
939,42.62948759,0,-0.21971990,0.14151461,39.16191338
940,50.19130821,0,-0.16527337,1.84194963,44.80792217
941,48.45294281,0,0.62678050,0.58135342,50.64180404
942,41.71472879,1,0.42964421,0.54043211,46.97783452
943,40.54354318,0,-1.70672195,-0.98314950,44.19556608
944,58.91928701,1,1.91684996,2.11229392,54.17091598
945,34.82491481,0,0.04576760,0.00673018,39.24973587
946,52.34860030,0,0.29196960,-0.67185674,54.13264120
947,49.59109469,1,0.30392668,1.24817526,52.14438957
948,49.76790197,0,-0.34059803,0.72422652,43.31036101
949,42.48455589,0,0.11444263,3.09858678,41.66391335
950,47.04038821,1,0.69924667,1.45083479,46.71358086
951,40.09999243,0,1.94896910,-0.97262714,41.82948728
952,39.48985219,0,0.80965835,-0.72229824,45.96889709
953,30.41098551,0,-0.31292071,0.94417841,36.37631116
954,47.73889192,0,0.25286769,0.08912759,43.34927378
955,39.22652132,1,1.23034010,1.72687258,45.05092748
956,50.69362386,0,0.66036291,2.20400776,45.33584223
957,58.41563611,0,-0.34285042,-2.69814552,59.28058511
958,49.54504448,0,0.46911935,0.59527508,46.33807874
959,45.19884133,0,0.33693575,-1.92594807,50.04482627
960,36.08867176,0,-0.08543756,1.18319992,36.64770595
961,53.15055899,0,-0.47098548,-0.67868868,55.35677789
962,46.74312415,0,-0.34767331,0.14535475,45.52550743
963,64.01452761,1,0.98576684,1.96591030,61.06619735
964,67.44762455,1,-0.00996133,0.97164425,64.88013331
965,49.42293852,0,0.21843907,-1.60226269,56.94997327
966,58.09731585,1,2.07147624,2.06211096,55.00602144
967,38.64646885,0,0.04274760,0.04798604,39.82120659
968,55.75663138,0,-0.14548468,1.28386416,49.62287110
969,50.70298700,0,-0.29712928,2.40220966,45.43620418
970,56.61760784,1,1.61797190,-0.94533248,57.64270426
971,57.76415975,0,0.54209752,-0.14569372,51.73483115
972,51.42762895,1,1.32946355,-1.25389783,62.79014875
973,50.15593877,0,-1.65529777,-0.24982261,50.51293874
974,37.46131343,0,-0.63840536,0.61052521,37.24884090
975,49.40057064,0,-1.08106885,-1.92824127,52.32843614
976,49.38689097,1,0.70344274,1.87697832,49.96815760
977,53.10352439,0,0.67135950,-0.48894684,54.94088734
978,38.41743140,0,-0.13416470,0.65200397,40.02668663
979,57.04089934,0,0.29535694,0.18823251,50.19510575
980,46.94175084,1,1.15246904,0.99634601,48.67242910
981,41.64874458,0,0.08075565,-0.25457699,47.18473743
982,46.60005145,0,-0.00864806,1.39018644,44.13084242
983,58.25692436,1,0.54388643,1.72834960,55.86980331
984,47.46818186,1,1.26943173,1.62843187,54.17373519
985,50.56977315,0,0.08242187,1.40196492,55.58174132
986,38.51896852,0,-0.68189669,-0.57237138,42.73574352
987,54.31176373,0,-0.73295502,0.51367353,51.22644267
988,74.71609847,1,2.65792642,0.61964348,67.65231787
989,48.72589871,0,0.63835828,-0.05295639,47.91925939
990,43.15403113,1,1.71496128,3.22959429,50.79086662
991,32.90929915,0,1.26762948,-3.22190479,53.16129130
992,50.86213462,0,1.03955826,-1.82804920,48.69303681
993,63.40788426,1,0.04998815,-0.56371354,65.77506396
994,45.76231948,0,-0.76280480,-0.80120185,55.22965344
995,58.46954785,1,0.46362920,-1.09618199,59.40229471
996,66.07714957,1,0.76347427,2.32642729,59.68857982
997,39.00115382,0,-0.73669269,-2.59368933,52.19833069
998,52.79642183,0,-0.44790847,-1.43207818,50.53019277
999,47.95690053,0,0.79015111,1.73512118,50.00826266
1000,59.34265943,1,0.75912503,1.85068192,52.88199726
1001,51.18434163,0,-0.19089473,-1.28892674,60.55613300
1002,39.77044458,0,0.82515495,0.17158407,47.88252448
1003,58.83912414,1,1.21881187,-0.29315617,60.00582229
1004,42.63745939,0,-0.65097886,-2.55532450,50.61859004
1005,49.34625176,1,1.76046851,1.63849344,50.19322338
1006,42.88301216,0,-0.23404490,-0.20524501,43.32623628
1007,29.27975469,0,0.98432644,-1.21922268,38.21229745
1008,54.92889007,1,1.78796408,-0.10247826,55.14121201
1009,49.13520549,1,1.02686037,-1.06171905,53.92236092
1010,52.32744784,0,-0.35956087,-1.13000140,55.66313330
1011,47.40591896,1,1.93337109,1.81808691,43.93026982
1012,37.62877407,0,1.23870547,0.96426805,39.16553296
1013,53.40880632,1,2.32339165,2.36696595,49.61821357
1014,31.31316014,0,-0.26804627,-2.22769556,42.48352947
1015,47.27051604,1,0.76453950,1.39134210,44.85168877
1016,55.62839738,0,0.22982225,-0.70934786,52.04309145
1017,53.75424079,0,0.55993556,1.11370559,48.73647738
1018,53.74409714,0,0.07778548,-1.72584211,56.77740024
1019,32.87500212,0,-0.01764803,-0.60980564,36.80966890
1020,50.77465971,0,0.77845085,0.70320698,51.11205482
1021,43.64034342,0,-0.54091248,0.17754917,47.14004837
1022,64.95430393,1,1.15544881,0.04339620,62.38985701
1023,68.93016596,1,1.72613455,1.45810589,65.80863935
1024,44.19064205,0,-0.54167212,0.98731456,39.24501883
1025,50.40040158,1,1.34552553,2.86707597,50.65428530
1026,60.01018423,1,2.65230710,1.16161992,59.22824733
1027,48.53899773,1,0.95938480,1.20518336,43.91306973
1028,42.05337842,0,-0.57248799,0.54699725,39.90972075
1029,58.01508432,1,2.00601316,1.18165108,60.12290532
1030,75.22267514,1,1.65170257,1.49818079,70.53170234
1031,49.49132422,1,2.50725346,0.73639759,52.68034529
1032,68.72655911,1,2.62168636,2.13806578,68.05825244
1033,40.03767553,0,-0.35767409,0.69908528,43.90326338
1034,40.84336636,0,0.45798645,-1.01003168,44.84856791
1035,56.36698766,1,1.74069153,2.64375276,54.75745957
1036,43.92729648,0,-0.80162206,-1.23709157,48.17763473
1037,48.00730412,0,-0.79887844,-0.74659034,49.20684683
1038,51.53484328,1,1.70819718,1.66138114,53.43987350
1039,42.50213697,0,-0.18821558,2.78469300,41.10388908
1040,59.99292913,0,0.06876597,-1.08896212,59.09081676
1041,68.15423366,0,0.44727942,-1.26989413,69.98374187
1042,28.53076742,0,0.42508464,2.86075341,33.95083418
1043,60.14227882,0,-0.23231015,-1.11893460,58.23164689
1044,61.63469643,1,0.99662836,1.64084589,62.08529461
1045,43.34192223,1,2.28201764,-0.18598981,55.63302331
1046,31.83236447,0,0.57523082,0.20875538,37.37915427
1047,71.15849320,1,1.55498820,1.89645040,61.20286773
1048,44.13599863,0,-0.44949062,0.88639137,49.02706907
1049,52.47297473,0,0.63507486,0.03086303,48.74232835
1050,59.09177619,1,0.93015104,0.40747292,60.63762509
1051,55.90825461,1,0.64789693,2.73279026,52.93709530
1052,45.94440312,1,0.58506838,0.10106751,53.83495692
1053,56.73873166,0,0.26059230,0.09067364,54.64210103
1054,47.78078573,0,1.18314830,0.91225891,45.09473444
1055,55.01729906,0,0.13409696,2.51592589,49.82540621
1056,34.50088738,0,0.10557538,1.54503791,35.50913825
1057,48.98437865,1,1.06478850,1.39943975,53.21323538
1058,63.11386508,1,1.45370051,2.16870119,61.48255621
1059,45.04159562,0,0.06411883,-0.57352014,46.31720662
1060,58.81787087,1,0.63315923,0.95625782,59.36252927
1061,42.45171191,0,0.87841843,-1.21928542,48.67153999
1062,42.12993438,0,-0.29927069,0.12087682,43.60707127
1063,67.87185793,1,1.54039657,3.07112886,64.46519627
1064,53.45254491,0,0.32893535,2.71253687,48.45733204
1065,47.37395222,0,0.84466079,1.13516450,47.64570493
1066,52.65368320,1,0.81865384,2.04552842,49.42960652
1067,65.80663397,1,-0.20727507,-0.54672238,63.58042591
1068,36.85322162,0,1.12390647,0.95033018,39.90824046
1069,36.49150285,0,0.87167824,1.80312025,42.71323510
1070,61.13182067,1,1.44615405,1.62242262,62.04882078
1071,28.82271685,0,0.21698135,0.33244221,34.94556733
1072,66.96315538,1,0.97240805,2.31227423,67.01156531
1073,27.65555687,0,0.77592976,-0.23473610,38.93157265
1074,34.50056026,1,1.85430341,0.60207503,46.89039582
1075,31.42454700,0,0.42352342,-0.86004949,38.59197492
1076,54.84812209,0,0.94898086,0.54724588,53.46981140
1077,56.62055365,1,1.11395938,2.11660915,63.03796458
1078,61.41203370,1,1.34276888,1.41558212,60.29918185
1079,47.14765501,0,0.99745693,0.31943765,43.79990468
1080,59.27855755,0,-0.38381510,1.66224795,55.26445416
1081,42.24142363,1,1.07795808,1.16610136,47.31281552
1082,46.06972820,0,-0.88008829,-1.18968138,46.41658372
1083,50.35784305,1,1.62405692,-0.58737358,55.81345709
1084,47.58490588,0,0.27645497,0.17229019,48.80994358
1085,64.02944862,1,0.18629465,0.82126614,60.92743745
1086,51.85156508,0,0.74785958,0.42676074,49.41153713
1087,51.60856899,0,0.48318515,1.34814693,47.00291692
1088,45.58211820,1,0.86329965,2.19089130,44.82560181
1089,54.29353362,1,0.52494005,0.15908693,55.66647889
1090,56.66344918,1,1.07293245,3.41176732,52.86605337
1091,49.15352573,0,-0.05768537,0.27039390,50.06026221
1092,60.59505596,1,1.28499061,-0.04886871,64.10156354
1093,53.42959187,1,1.73101831,-0.25798463,57.00872710
1094,52.81143265,0,-0.49817448,-1.37012024,60.23480984
1095,45.78312410,1,0.64553324,1.71876480,46.23577313
1096,54.09332079,1,1.78093198,2.07354681,58.90775905
1097,47.56249009,0,0.26460588,-1.40962355,53.69780307
1098,65.61504723,1,1.74491245,-0.25976528,66.09441719
1099,51.76008249,0,-0.36162147,0.79815557,53.73066394
1100,29.74018292,0,0.17667415,1.95213725,30.37255492
1101,40.87319746,0,0.83370265,3.63435120,41.98911388
1102,54.76764652,0,-0.35200318,-0.28481875,50.87149933
1103,38.20661434,1,-0.14937263,0.84833126,41.61424223
1104,60.62687057,0,-0.17048885,0.40802928,55.60585482
1105,49.85576696,1,1.80540842,1.04792898,52.41442933
1106,67.52482282,1,2.19619964,0.66000785,63.78795932
1107,45.79270368,1,1.15599085,3.18526650,40.85952039
1108,49.52845114,1,1.80660046,-1.08425837,55.56725204
1109,37.03645373,0,-1.59764776,0.41208008,42.92618039
1110,44.41024352,1,1.29435446,0.05674103,49.56245230
1111,63.10861892,0,0.59880093,-0.96796812,55.86411999
1112,51.41905233,0,0.70196755,1.75821103,50.33067623
1113,50.70412607,0,0.64678011,-1.72189189,52.53074345
1114,24.00266311,0,0.77386405,1.58186255,35.22906371
1115,53.67364231,0,0.81142639,-0.91296359,57.93050252
1116,43.85510525,0,-0.27757334,0.27175991,42.35437396
1117,33.84025789,0,0.04014955,0.77605270,40.35217799
1118,54.38158248,1,1.21244177,0.95738939,52.42796129
1119,51.17068197,1,0.93631632,-0.89576420,58.91675717
1120,48.96473326,0,-0.08713654,0.81436162,50.00749203
1121,35.97505927,0,-0.88719925,1.18431435,35.04396598
1122,46.59280575,1,0.85311336,2.90013056,45.53260016
1123,56.55576478,0,0.61826522,0.39276855,55.66829787
1124,60.44116042,0,-0.84351182,-0.90399581,58.08453887
1125,51.06330575,1,1.29725429,3.17290463,45.39946963
1126,44.68596601,0,0.34910548,-0.36929461,48.16243013
1127,43.89632095,1,0.60233581,-1.80487184,53.93588080
1128,49.13867871,1,1.50879594,2.33251780,53.41455677
1129,47.93500092,0,-1.85114492,2.50306093,42.36190777
1130,49.22797557,0,0.42230948,1.39997251,40.49975279
1131,60.40178051,1,1.59812092,1.56255073,58.59490656
1132,55.06927961,1,1.05974142,2.46728160,52.17791597
1133,41.89284977,0,0.53162498,-2.21957722,53.22818354
1134,47.95041067,1,2.22685362,0.70153147,47.99573882
1135,41.31372835,0,-0.05261956,0.36924586,45.60896463
1136,53.99388063,0,0.80753492,-0.24279593,53.40263363
1137,30.54639182,0,-0.08667535,-0.10766418,40.68214131
1138,39.67156694,0,-0.58394925,-1.28470233,49.28350200
1139,42.16839772,1,0.63161488,2.42504788,44.54551787
1140,35.46712240,0,-0.01644276,1.75503790,32.80123139
1141,48.83549022,1,2.15428779,1.46057653,55.97185513
1142,56.40128789,0,-0.07632619,0.27822305,50.83120564
1143,64.74584001,0,-1.94694169,-2.13094762,58.61479928
1144,54.02808659,0,1.45190920,0.20787948,52.77513034
1145,54.43902439,1,0.37814464,1.68296521,55.77285676
1146,44.69765524,0,0.63726160,0.38139811,45.95293046
1147,57.68964504,1,0.52932487,2.59882666,53.58120035
1148,39.87590816,1,0.04047185,0.72004504,49.55054057
1149,44.53444570,0,-0.23021831,-1.16455818,49.01402297
1150,56.36705100,1,0.35013807,2.44642887,56.15443125
1151,59.09878760,1,1.40715202,0.93977007,61.13957603
1152,42.98254930,0,1.23589155,1.90814647,41.19280771
1153,51.81193134,1,1.08590689,2.00707391,56.40436748
1154,54.72560204,0,-0.79868378,1.16366099,48.14866306
1155,56.20075697,1,0.99630035,0.71638684,57.23897199
1156,45.04786461,0,-0.23856044,0.10677543,39.65022264
1157,56.00637509,0,0.39295893,-1.27524673,58.95922450
1158,48.94517630,1,1.27700450,1.65568293,49.10646677
1159,52.70901404,0,0.19875151,0.81971517,50.39839593
1160,61.34685421,1,1.75559986,1.83357987,64.37240229
1161,60.59717051,1,0.99995160,0.89622286,58.48451048
1162,42.28545439,0,-0.52709799,-1.10121819,53.02979399
1163,58.65681341,1,1.82195568,0.75348767,62.31991698
1164,60.00240219,0,0.61647375,0.06921522,57.98534147
1165,53.38121494,0,-0.32226206,-1.50082964,59.51162407
1166,45.85410639,0,-0.01119213,-2.25611780,56.27358054
1167,45.15987542,0,-0.06880091,-0.94479784,40.01760429
1168,51.70320073,1,0.87963884,0.43932370,57.58230500
1169,54.46315594,0,0.59855643,-0.96163436,57.86325986
1170,35.18850150,0,0.71536593,-0.41692343,43.89473822
1171,42.69741786,0,0.32292629,-2.75562039,50.51799581
1172,55.44444066,1,0.89609090,1.00235276,56.94210521
1173,44.29134748,0,0.07834683,0.39788329,47.04362988
1174,53.40352758,1,1.49355112,1.85598536,43.09140826
1175,52.18573082,0,0.56898820,-1.17152826,54.44512017
1176,31.66583228,0,0.68785102,0.32567047,31.97929895
1177,60.86327575,0,-1.75121328,-0.74678093,53.21835189
1178,54.56798295,1,1.97406050,1.21165617,53.96200834
1179,56.72280967,1,1.17971490,2.26792161,55.47977446
1180,55.24750713,1,1.37391503,1.59559151,54.93620036
1181,61.03908349,0,0.66346223,1.94011535,58.28298474
1182,63.32680942,1,1.69729608,0.21114131,63.79351267
1183,62.53120000,1,0.57744232,1.76839594,58.43382523
1184,46.96543684,1,1.38857315,1.61887316,48.91314985
1185,65.90350015,1,1.23133387,0.52539374,66.00981432
1186,39.06631825,0,-2.29661266,0.56856906,42.15780426
1187,58.21253129,1,-0.57071237,3.72586014,53.31980647
1188,60.27144164,1,0.94205265,2.08370819,57.52072391
1189,47.39930723,0,0.59016949,-1.64064448,52.79382588
1190,35.31283611,0,-0.63929330,1.69207888,31.93769329
1191,50.85712863,0,-2.16418705,-0.94767308,51.58914036
1192,38.80372174,0,-0.37444080,-1.50798388,45.94552871
1193,46.65878494,0,0.63891877,1.42304962,46.51810309
1194,49.79376642,0,-0.27435612,0.10876332,47.22945410
1195,67.05195999,1,1.77702785,-1.48085866,78.69931028
1196,55.99449439,1,1.50310857,-1.24581356,58.93877058
1197,63.23543075,0,0.88752468,-0.58293749,58.35650681
1198,60.90812013,1,0.36078113,-0.63697333,60.71437503
1199,51.78565063,0,0.67374783,0.43733445,51.67517422
1200,54.65526840,1,-0.34361400,1.33300584,50.92424982
1201,68.45484408,1,2.09615633,1.16538432,61.13020398
1202,30.74452977,0,-0.22754627,-0.10072240,36.51874901
1203,38.55877443,0,-1.12047264,-0.35860182,41.35324039
1204,42.27295631,0,1.79017298,-1.00264928,47.98067491
1205,27.75110521,0,-0.79084911,-0.22049208,37.08391665
1206,50.63951328,0,0.60810200,-0.30534276,51.33205910
1207,59.56744465,1,2.36347928,0.45018490,60.67302411
1208,58.89786395,1,0.46869249,3.37482619,51.48754827
1209,54.44203748,1,0.67514342,3.99923699,51.33284606
1210,44.32956934,1,0.57863296,0.41661617,53.27429481
1211,44.60696992,1,0.94418582,0.55341853,54.62612872
1212,41.67835565,0,-1.85281100,0.26819559,46.82348935
1213,67.07221721,1,1.90472771,0.26181581,69.34021950
1214,40.90469980,0,-0.55185624,0.30681940,44.50574568
1215,44.19763402,1,1.11042329,2.52210066,44.55805096
1216,41.86966609,1,0.97205622,2.39448627,40.28996339
1217,47.38951286,0,-0.51901570,0.32767123,45.44709319
1218,65.44234734,1,1.59855925,1.58244862,64.08153762
1219,47.50594200,0,-0.27910725,0.09872448,50.49839325
1220,56.86615061,1,1.69144750,0.98129202,54.90939535
1221,50.04007691,0,0.31003561,0.83790821,50.67860095
1222,31.81612343,0,0.09830231,-0.97439367,38.90518841
1223,32.90737637,0,0.83923141,0.61246597,36.07212885
1224,55.46477132,1,0.53185180,-0.64055994,62.24155077
1225,63.55993367,1,0.03089639,-0.75453716,64.47915623
1226,66.47364813,0,0.07675447,-0.56235237,61.96824731
1227,52.00014529,0,-0.40980563,-0.69743157,56.82257014
1228,51.16650867,0,-0.31974299,0.20377647,51.79693549
1229,54.83639998,0,0.46034516,-0.18921071,57.39697163
1230,42.07485264,1,0.51019572,0.23475230,49.48713026
1231,43.29289342,0,0.09369833,-0.14369940,44.94405296
1232,53.53616665,0,-0.30222131,0.32398119,55.35717818
1233,41.70543636,1,0.81977759,1.99699564,42.29167604
1234,59.13611486,1,0.31594567,1.27838238,57.96484476
1235,36.39543018,0,-0.52951023,1.90872239,35.38820422
1236,60.13262717,1,0.34539954,1.32869732,54.69320319
1237,66.23635596,1,1.00982850,0.36309049,61.39503620
1238,44.97709337,0,-0.64283523,0.41506253,42.71265627
1239,60.62966438,1,0.58108209,2.94198021,59.16089040
1240,62.10568190,1,0.84467687,2.20644601,59.14545965
1241,45.55474281,1,0.30946562,1.77808391,50.62897992
1242,52.12099418,1,0.37266483,0.64563724,53.19195876
1243,59.92858525,0,0.17185976,1.52611684,53.39030633
1244,51.14411353,0,-0.57455068,1.18930424,48.76812638
1245,50.21222971,0,1.92508296,0.41774732,45.33213716
1246,58.36081243,0,1.61954069,-0.24721477,60.90546330
1247,73.64237807,1,2.38953121,1.40112029,66.95988575
1248,47.83293450,1,1.07852481,1.45470978,46.63203081
1249,44.01847647,0,1.08731518,-0.26169440,45.86726709
1250,41.45871166,1,1.32001450,1.20134595,42.92572950
1251,56.75082218,0,0.24661929,-1.04343086,53.82854086
1252,50.25396415,0,-0.62074688,-0.27644934,54.68389263
1253,68.98996459,1,1.18806451,5.55117154,58.53436335
1254,59.94367692,1,1.42610291,2.39665211,54.40312016
1255,65.99952120,1,1.10417070,0.58752297,63.68646254
1256,48.66334273,1,0.51149079,4.61486873,41.78648741
1257,46.21132806,0,-0.36013522,0.64839060,46.07889588
1258,36.01313951,0,-0.92749934,-0.15691322,41.26080212
1259,58.98573446,0,-0.46440001,1.58171728,52.34005306
1260,63.27859423,1,1.01991969,-0.53838232,59.63904946
1261,53.43812394,1,0.47456976,0.85313787,52.97080137
1262,57.92297298,1,1.80256605,2.60705720,51.61751065
1263,73.04974846,1,2.52373868,0.44313553,73.96964998
1264,40.81379014,0,-0.15324219,-0.08469330,46.02263985
1265,56.01059677,0,-0.78494461,1.52107992,45.81174855
1266,55.81439890,1,1.11245749,2.16493488,53.53465839
1267,47.26371752,0,0.30661308,0.91620581,45.83000580
1268,49.40764764,1,2.06925594,2.20787393,51.50143115
1269,46.34381171,0,-0.43008202,0.93213368,44.31466418
1270,47.33903660,0,0.11683144,-1.26068360,52.07795313
1271,32.56874281,1,1.85209430,-1.19334293,41.57184856
1272,43.57786730,0,-0.95171694,0.40220559,44.57434249
1273,56.23452267,0,0.15130540,-0.39404299,54.32462863
1274,53.56787205,0,0.03260461,2.66039411,41.69341298
1275,54.10681175,1,0.40693842,1.26203677,54.74006674
1276,34.01678279,0,-0.11440673,0.18915413,37.84612505
1277,50.31237468,0,0.23543554,-0.40356929,46.03712563
1278,54.64906352,0,-0.57531471,-2.69954410,63.22130712
1279,52.64914242,0,-0.20407796,0.46058462,44.25820307
1280,51.95316999,0,-0.22674008,1.97690647,49.20603959
1281,39.92320157,0,-0.32891592,2.22099931,42.09418427
1282,45.13080284,0,-0.63669530,-1.17323496,44.69966007
1283,48.89603558,1,0.30605932,2.67855156,47.92109817
1284,45.60557865,0,0.35987676,-0.68847279,46.27822875
1285,38.92731784,0,0.28177751,-1.26073812,47.88085580
1286,60.15273771,1,1.49686399,1.66521655,60.43908371
1287,43.06255765,0,-0.41493086,1.28890710,44.10433168
1288,53.86553729,0,0.33329235,-0.28221380,48.25895260
1289,63.44860876,0,-0.23458226,1.74283238,58.08783167
1290,57.79127627,1,1.08978192,2.63284469,49.20141895
1291,57.02381784,1,0.07331852,1.78272693,52.87930423
1292,48.34654064,1,1.89386422,-0.24529559,55.44014789
1293,38.89346337,0,-1.59295663,1.34973220,40.83013765
1294,62.89810410,1,1.07959059,0.62052079,67.29666386
1295,49.10693728,1,1.56250326,0.80894960,49.66253763
1296,50.51983362,0,-0.47662136,0.05908518,48.52688506
1297,47.10905616,0,0.56224689,1.77195729,44.04193523
1298,64.87300308,1,1.45192967,1.75879742,58.81059058
1299,51.62258587,0,-0.87108356,2.92530543,38.91589087
1300,45.39211600,0,1.21922224,-1.17530396,57.01936956
1301,58.41383909,1,1.49262293,0.15788641,61.50842024
1302,51.04726492,0,-0.67175077,-0.19461910,53.51369050
1303,44.78011553,0,0.89883963,0.29524244,46.66954482
1304,45.19074757,1,1.88471501,0.92104854,50.36293115
1305,45.36399909,0,1.78325193,0.80359750,44.12629640
1306,58.63564364,0,0.12908818,0.38041091,56.60979607
1307,33.21889398,0,-0.58605762,0.66913069,28.72334600
1308,51.56961885,0,-0.12537213,1.37342577,45.82389339
1309,40.69532716,1,1.48125208,0.35884660,49.32180547
1310,46.85979552,0,-0.42422107,3.03983669,39.17210982
1311,48.63318623,1,0.89067721,-0.94393817,56.38307287
1312,45.70729253,0,-0.06185781,-0.33396822,44.60522205
1313,63.99851475,1,1.29751685,0.71767300,58.55327136
1314,47.13915973,0,0.78412360,-0.01792777,46.58494307
1315,59.76383763,1,1.69754503,2.24403795,56.06413447
1316,52.77774534,1,0.26369318,-1.10437921,64.43168886
1317,44.60193984,1,2.44957538,2.75513804,47.46104240
1318,29.90035533,0,0.23584641,-0.28086787,34.37020499
1319,49.86220984,0,-0.09592413,-0.21814667,50.30462256
1320,57.21740708,0,-0.25056850,-0.85791571,54.85932884
1321,39.66409978,0,0.63678359,-1.70154311,43.00452517
1322,33.82953273,0,-0.81677365,0.05685210,43.26319088
1323,46.44023358,1,1.18580025,1.67309319,51.05011944
1324,20.02722186,0,0.72152480,0.19423814,31.04015036
1325,65.87821348,1,0.85417275,1.35963074,67.02637281
1326,36.94244990,0,-1.06880743,-1.29857673,45.42781741
1327,55.55380083,1,1.31474459,2.33423228,55.76645023
1328,64.22653928,1,2.75212319,2.22979721,58.02854212
1329,44.43934244,0,-0.28451120,3.51311034,36.70678851
1330,55.75836342,1,0.93998495,2.78422524,54.75141291
1331,66.70600691,1,1.32635468,0.44587586,71.42350729
1332,65.49423004,1,0.63395764,0.47248467,65.37481120
1333,62.33866934,1,-0.45764129,1.26402653,59.80541617
1334,60.66432268,0,0.11055247,1.95347020,52.11976097
1335,75.13883990,1,0.62889159,-0.30312600,68.18878365
1336,70.10529717,1,2.39634662,0.81626717,67.49264031
1337,51.89856153,1,1.03493665,1.48117172,48.79854974
1338,42.57507846,1,1.22805916,0.01934878,55.11792907
1339,64.95653383,0,-1.16134850,1.71054650,56.54355607
1340,33.62788994,0,-0.22459242,1.60832807,39.33813340
1341,43.95862766,0,0.53266583,1.73969832,43.58099360
1342,41.25095338,0,0.83082591,-1.49640173,45.16283648
1343,43.97733716,0,-0.26717029,1.02049952,41.30053307
1344,51.55226337,1,1.78770820,1.87446284,51.02910511
1345,73.76037841,1,1.55262019,0.25976600,70.56990806
1346,44.83397123,1,1.76370043,0.14642458,48.37848659
1347,44.86956928,0,-0.56260483,1.76481384,43.92530987
1348,71.35817807,1,1.58021475,2.06663330,66.56936677
1349,51.81885969,0,0.89009805,0.98094637,48.09978217
1350,50.32070782,1,0.57418966,2.07782240,53.72546781
1351,56.00513049,0,0.17214148,0.84059165,58.69198887
1352,34.52800545,0,0.03993124,-1.22261892,46.22775239
1353,47.78811518,0,0.05570138,-1.70249719,50.79707419
1354,58.61637362,1,1.06034172,2.84744381,52.72763651
1355,58.81476106,1,2.18922878,1.31749496,63.03881400
1356,38.20498207,1,1.39736315,-0.27851916,43.24142425
1357,57.29934122,0,0.19774544,-2.08269836,64.06163672
1358,40.30202197,0,0.08622095,-0.29573513,42.41081570
1359,45.42000666,1,1.05825667,0.92588238,45.37734922
1360,56.10148387,1,1.47109350,1.55886504,56.76304255
1361,51.48886100,0,0.60110607,-0.31724891,57.23508951
1362,52.97733820,0,-0.46313249,0.26218859,49.18880568
1363,53.02474738,0,0.47074021,1.85536365,55.69494327
1364,37.29221988,0,0.23291333,-0.36149337,43.10658480
1365,42.89517499,0,-0.55562635,1.01881139,38.86738279
1366,52.86458898,1,2.02974320,0.74118519,55.24453860
1367,60.05256298,1,0.63434061,-1.22924853,62.37817944
1368,59.66839840,0,-0.31821498,0.11983131,60.76792942
1369,52.00899230,0,-1.37636358,-1.51945530,53.13868062
1370,55.94864305,1,1.22785121,2.35967104,56.65184210
1371,46.95239595,0,-0.26336057,0.94166618,47.19226838
1372,26.02880209,0,-0.05379070,-0.16176612,33.58079478
1373,43.41836533,0,1.61345319,0.67043063,47.03404340
1374,43.05429092,0,-0.34305383,1.01718215,43.16788588
1375,53.59560481,1,-0.24470607,0.38399300,55.52612352
1376,37.13623789,0,0.75419307,-1.26571712,46.38560160
1377,57.21834921,1,1.67239867,0.67000034,51.39601701
1378,64.44886416,0,-0.21764819,0.59003931,56.33300022
1379,64.24712256,1,0.55223503,0.05463831,67.96817581
1380,52.02157601,1,1.96496845,-1.02622386,55.41585844
1381,43.29748884,0,-1.53390437,0.58741200,42.43463902
1382,39.83329792,0,-0.46084953,-0.84205296,50.46758820
1383,68.35202645,1,1.88918201,-0.13738051,65.29382969
1384,37.85581674,0,-0.98023268,0.34111167,39.26844185
1385,50.76506463,1,2.28786331,-0.58382607,57.57762448
1386,37.01074179,0,-0.81472539,0.50084274,44.59104550
1387,46.18134396,0,-0.72650570,-0.04014717,44.67447462
1388,61.68202335,1,0.94855861,1.42684481,56.62116523
1389,52.23677568,0,-0.50875327,1.16638897,59.62125920
1390,45.86547394,0,0.52140488,0.51081090,47.33987476
1391,64.48504685,0,-1.08400434,-0.50554947,64.90753145
1392,23.84600038,0,-1.58870785,-0.23739663,31.84790366
1393,60.49632666,1,-0.23480744,-1.22155645,67.36772250
1394,79.79861624,1,0.31068952,3.16774586,59.00703729
1395,37.44230406,0,0.11947879,2.45861516,33.69772902
1396,53.39635316,0,-1.34609565,0.01133761,52.71204759
1397,46.85060932,0,-0.72065446,-2.05277835,55.16568828
1398,69.42816039,0,-0.76340737,-1.31174527,61.67906779
1399,33.96367430,1,0.75939312,0.20441610,36.80191677
1400,47.13539905,0,-0.69931143,1.87726751,45.47140857
1401,51.73445726,1,0.35007257,2.52415620,47.16307467
1402,45.30621825,0,-0.50992525,-2.35762234,52.41671810
1403,49.98133486,1,1.33682905,0.87933121,52.59451729
1404,57.43842204,0,-0.42269863,-2.29927199,58.60037788
1405,53.25464518,1,0.61858256,2.96206832,50.48299327
1406,51.64221215,1,1.78944989,0.45187591,52.51811883
1407,56.74501150,1,0.80821244,3.15365836,54.05052210
1408,72.87849452,1,0.01754308,0.72596122,64.69413839
1409,51.94706644,0,-0.42810848,0.78885806,49.66348768
1410,60.33070197,0,-1.19035649,-1.08590096,54.84275735
1411,63.56765121,1,0.81762687,3.04489394,53.26917690
1412,52.58209014,1,1.58687312,1.19321867,53.60240517
1413,58.88405573,1,0.40185376,0.95947381,62.10826762
1414,40.38585325,0,-0.00456481,3.02971055,38.21516722
1415,56.83976356,1,2.11107228,2.75893166,48.79102964
1416,53.29104253,1,1.31084746,0.20826122,51.13926661
1417,61.64565510,0,0.73668307,3.55918543,51.36334730
1418,50.51837664,1,1.47830775,2.35993857,50.27461596
1419,48.93341183,1,1.91670451,1.33504848,48.56182879
1420,40.20662691,0,-1.16781111,-0.15076738,38.28605155
1421,53.41036570,0,0.72509026,-2.42622704,60.12917501
1422,43.19523074,0,0.76429707,0.26325642,43.30666959
1423,78.20704360,1,1.85552177,1.96080084,65.85597609
1424,42.46614706,1,1.31805150,0.65158029,46.07178505
1425,46.31436447,0,-0.91457945,0.07424453,49.48068046
1426,62.26268500,1,2.42292159,1.28892591,67.52477919
1427,35.90027409,0,-1.24512154,-1.35156558,37.97397834
1428,69.87422860,1,1.02057275,0.65434781,71.78334464
1429,36.73645969,0,0.37586093,0.56771420,42.95256948
1430,49.47403303,0,-0.08073305,-1.47818181,54.73007187
1431,31.54124344,0,0.58855623,2.40214114,33.41846939
1432,57.77473090,1,0.95242517,0.95686841,61.31403061
1433,36.70582092,0,0.70974174,-0.15910317,38.96466744
1434,50.53922124,0,0.95099972,1.01589004,45.02250542
1435,54.08235081,1,1.37082913,2.80630261,51.14311217
1436,40.29953434,1,2.32108130,2.35575628,41.36632781
1437,42.69267437,0,-0.48292705,-1.22097036,48.04775113
1438,52.73480582,1,1.25035805,2.20726530,52.53266199
1439,51.23661297,0,-0.41526771,-0.30775962,54.86913558
1440,55.98095678,1,0.92347192,-0.00260301,63.31374185
1441,86.20575687,1,1.78427910,0.71146283,71.10440051
1442,43.96828471,0,-0.15512286,-0.45449063,41.21949228
1443,46.54411815,0,0.12876324,1.95695090,41.64092644
1444,43.75932033,1,-0.51781749,0.49329676,48.59938293
1445,61.09567837,1,1.47228982,1.40308989,54.34733393
1446,47.82522706,0,0.01903857,-0.17462594,49.60292952
1447,47.05533015,1,2.01943988,-0.73849784,49.48683341
1448,38.67080162,0,0.31438065,-0.96666461,44.02834414
1449,53.35875508,0,0.22341633,0.29332518,54.33277866
1450,39.23408375,0,1.22701580,0.77586101,37.25904649
1451,43.53357890,0,-0.11190780,-0.86588133,44.57044855
1452,37.59462741,0,0.18808047,0.50927289,49.38119364
1453,59.40757927,1,1.39427994,2.07354240,54.84459361
1454,36.94333084,0,1.31712126,2.21479173,40.78353123
1455,47.43675754,1,1.35117234,2.54893412,45.42066842
1456,35.87053663,0,0.33184404,-0.45166534,44.80261676
1457,53.97445968,0,-0.28735990,0.53377002,50.22375623
1458,41.51295167,0,-1.08966019,-0.37715834,46.37503110
1459,50.01594178,1,1.27294143,1.61007721,57.87959239
1460,69.39643044,0,0.70519566,-1.27134092,66.49809070
1461,57.67439739,0,0.12562867,0.43101526,47.00347736
1462,41.43328680,0,0.22226350,2.84518424,35.98993669
1463,53.76821929,0,0.11538944,-0.95958282,56.66213307
1464,41.33115970,1,0.31330348,1.06194755,46.30044535
1465,60.18789868,1,1.81307208,1.22970446,56.96924506
1466,35.35153118,0,-1.61188212,1.17234529,31.56108187
1467,48.89541128,0,-1.74571372,0.30287993,45.31457876
1468,51.04392481,1,1.73015322,-0.04651805,53.01260030
1469,41.20284504,0,0.85184979,-1.98820954,48.56853318
1470,52.64087004,1,-0.65932933,4.09445773,47.87358684
1471,62.51259553,1,1.33854434,2.47810240,57.99387553
1472,61.09940540,1,0.37800710,1.59214276,60.76419249
1473,55.85161868,1,0.72110608,0.78951165,57.00279716
1474,33.52815659,0,-0.40120365,-1.81954226,42.72701956
1475,10.46108582,0,-0.13360635,1.55484242,19.93402950
1476,51.93725883,1,0.47147259,2.53865122,57.30307212
1477,60.04307732,1,0.20401360,1.74068420,56.13467475
1478,45.19484868,1,3.09549976,-0.20209286,54.24422161
1479,45.10546718,0,-0.41962027,1.34397447,42.90676816
1480,54.34778727,1,1.55571511,0.40024091,57.54257369
1481,49.48090077,0,-0.15241743,0.55167601,51.02283039
1482,39.65429311,0,0.10776519,2.30583992,37.45969519
1483,60.19829520,1,0.84986573,-0.41972693,68.24767119
1484,48.56123522,0,-1.15688553,0.97167586,50.03485787
1485,41.61860450,0,0.10060094,0.26808859,47.55576492
1486,44.95122038,1,1.48752601,3.47526929,48.91806254
1487,55.24556545,0,-0.93592639,-2.85689307,55.19110147
1488,42.43106450,0,-0.92646795,-0.21218928,47.10049382
1489,28.69296641,0,0.28423850,-2.42237696,42.14492682
1490,52.10357288,0,-0.31154148,0.00601444,50.23120630
1491,48.46237698,0,-0.03597396,0.74757274,45.28437392
1492,55.69967512,1,0.85741737,-0.27636372,65.89985896
1493,58.97719387,1,0.35322002,2.19849374,58.00047868
1494,50.52929121,1,0.33421171,0.29854930,54.45007161
1495,36.84744053,0,0.25843490,-0.69303382,40.80484446
1496,60.34868854,1,1.08889937,0.92277092,63.69922519
1497,45.27881529,0,1.43789282,-1.45612162,55.67134800
1498,38.39113758,0,0.41753166,1.29937955,39.80864703
1499,59.93196642,1,1.57751368,1.67944700,59.11107665
1500,58.70351888,1,1.63322001,0.54511724,64.78906371
1501,37.56168890,0,0.67156368,-2.56894594,46.86188185
1502,56.97830943,0,0.15429129,-1.00641047,57.31166646
1503,39.00238685,0,0.01073085,-1.11954966,42.06896025
1504,49.98433396,1,0.47185437,0.89786759,48.44004554
1505,54.32339387,1,1.03896750,1.82311292,47.24463057
1506,49.50601590,1,2.42793334,1.80062727,47.35263854
1507,45.68729709,0,0.28616074,0.64089570,42.86020925
1508,48.31993543,1,1.13397618,0.84830313,49.13994001
1509,40.12851369,0,-0.37000323,-0.64372032,39.36119008
1510,43.17244524,0,-1.21221693,2.03979565,41.76136645
1511,48.97420763,0,2.05227049,1.44283493,48.64401206
1512,41.22732572,0,-0.14712265,-0.95531014,50.41313298
1513,47.67561831,0,-0.60169031,-1.28478886,52.11148138
1514,42.65639434,0,0.67385685,-0.51956853,40.71410296
1515,38.78714213,0,0.05044307,0.77541073,38.11589560
1516,49.84552371,1,0.47626614,-0.41489593,49.01030313
1517,43.70606179,0,0.62939230,0.12322126,44.52525558
1518,53.38863847,1,1.20144702,0.58512832,57.37438739
1519,61.65408014,0,-0.66555234,-1.89180355,62.15706194
1520,54.27515324,1,-0.23542013,1.60845457,51.97523394
1521,53.64196786,0,-0.74448573,0.66670982,50.16007390
1522,45.39158322,0,-0.52923459,0.58134706,44.46541103
1523,34.60875242,0,0.77450717,1.02104161,33.88492356
1524,49.82346803,1,2.43692584,1.26083632,53.75534309
1525,51.27881596,0,-0.30128410,-0.02011780,47.46910928
1526,38.50426374,0,0.23610038,-0.93426695,43.74539315
1527,50.44201624,0,-0.72341773,0.68138677,45.98800891
1528,51.41084874,1,2.40056871,1.02806138,59.48967157
1529,47.06747906,1,1.48288360,1.51424600,50.17157779
1530,52.26465932,1,0.24387521,1.96875268,54.51652043
1531,61.68889953,1,0.41260144,1.56582623,54.65460814
1532,40.00374604,0,-0.01833843,-1.38275087,47.61443510
1533,55.12178181,1,1.16771725,1.73943108,57.78641075
1534,36.45116029,0,1.56020759,-0.98426816,41.43359157
1535,32.73419604,0,0.84534136,-0.22355308,34.05211946
1536,54.21129679,1,0.92142681,1.16278286,49.90367828
1537,45.11987498,1,1.17015495,2.81019846,44.09152650
1538,55.26164547,1,0.78062151,-1.39614709,63.40178009
1539,54.59781478,1,1.24308719,1.39211064,53.44242002
1540,41.97448488,0,1.02895656,-2.11930574,42.09703525
1541,57.27583093,0,0.30885796,-1.68678391,63.80804277
1542,49.54482291,1,0.85629773,0.48634452,50.05643065
1543,57.68794233,1,0.35858969,1.20978471,56.16296679
1544,63.42862976,0,-2.18202868,-0.53972089,59.94540614
1545,45.73414898,0,0.05016057,-0.31681699,49.98417375
1546,65.36109384,1,0.37624683,0.25092896,63.87822524
1547,30.93665921,0,1.03815583,-0.14951295,39.57704530
1548,31.96362693,1,1.36617176,3.52228801,32.28918821
1549,47.08884650,0,0.17903117,-1.85004783,52.79926938
1550,53.90252481,0,-0.52787091,-0.65240190,55.28860732
1551,57.38386766,0,-1.23898186,-0.07951373,51.04087781
1552,55.08988431,0,-0.01796161,0.10175755,54.74559598
1553,50.36829430,0,0.19963321,-1.46730449,56.19523992
1554,38.59836645,1,0.33706964,-0.34712583,41.88509885
1555,54.62818013,0,-0.92568832,-0.47570512,53.75109892
1556,43.52614395,1,1.13546306,1.73510789,47.85904306
1557,57.37901110,1,1.12878178,3.36435516,52.81834510
1558,41.12876254,1,-0.46032982,0.57535041,47.54651710
1559,26.01134714,0,-1.25862625,-0.31155624,30.99061163
1560,35.53907457,0,-0.43929686,0.49306451,39.41805183
1561,48.58693767,1,0.83369872,2.15723716,46.55162069
1562,49.90279602,0,-0.46206395,1.04690139,41.66875194
1563,39.67275002,0,-0.43283524,-0.15548583,42.01403783
1564,49.64302759,1,0.53830871,4.40853488,43.19473875
1565,46.20843508,1,1.34505065,1.61348700,45.80744534
1566,54.81753633,0,1.10306162,0.46547925,50.38038063
1567,43.08728298,0,-1.10294639,1.31319675,43.32608029
1568,59.82177665,1,0.27209002,0.98921272,52.39025555
1569,50.45158829,1,0.28173937,-1.02600053,60.62319313
1570,52.83811352,0,0.89741106,-0.66799829,52.83487013
1571,65.88362984,1,0.47127084,1.81818005,66.26598825
1572,59.38536513,1,1.42748154,2.50038569,57.15306973
1573,34.20419364,0,1.00166317,-3.79415574,45.75259711
1574,63.05362128,1,-0.08620076,1.33814238,58.24432509
1575,60.35804283,1,0.23102221,1.85243007,53.05533900
1576,60.14871414,1,0.84582210,-1.02720531,62.49060538
1577,56.30428212,1,2.48358182,4.24949947,53.33562728
1578,41.33823249,1,-0.06162717,-0.54903449,47.76279301
1579,55.52674492,1,0.77511833,2.71925146,52.90736923
1580,36.07610742,0,-0.83478062,0.49242860,42.88334855
1581,36.02905468,0,-0.26647896,0.29079535,43.91738840
1582,58.52663032,1,-0.06630811,0.04742980,54.80053567
1583,34.24662799,0,0.94225646,0.85171219,34.62737202
1584,60.79369838,0,1.03492162,-0.60086377,61.26585645
1585,62.30888550,1,1.34379123,1.51019407,58.21066274
1586,37.95114398,0,0.21858459,2.21502645,34.77417636
1587,57.83525776,1,2.15715669,1.31910487,59.85359565
1588,55.30387673,1,0.84775164,0.56042039,60.51656869
1589,37.11580094,0,-0.16871099,0.62611393,44.96324490
1590,53.04256489,0,-0.09715552,-0.34034522,55.79642565
1591,35.66534766,0,0.09752718,-0.84663046,42.37559445
1592,40.37221811,1,2.17583939,0.21487916,51.33130774
1593,43.28534831,0,-0.59957647,-0.50961617,45.15349494
1594,49.09038130,1,1.60797654,1.80940986,45.56977259
1595,37.44679537,0,1.32728301,2.00015551,40.65406822
1596,28.71317003,0,0.05155136,0.76474236,33.76788583
1597,64.08566730,1,0.65753011,1.13644241,63.88337810
1598,57.55314118,1,0.81872286,1.05417944,55.18168080
1599,42.26512177,0,-0.25877523,0.82497339,43.42521472
1600,44.84803378,0,1.05396134,1.18025388,47.58664226
1601,40.61525234,0,-1.86119237,0.00638050,40.94846895
1602,56.40656677,0,-0.34470724,-2.89321642,57.46794189
1603,30.40523026,1,0.37309526,2.84267757,33.58356686
1604,59.10838790,1,1.15086466,4.98986003,51.96866262
1605,41.33294692,0,-0.71025669,1.20303840,37.91514514
1606,72.37494481,1,1.16373195,0.57222899,68.12786377
1607,51.53755692,0,0.41891638,0.84143484,49.45716441
1608,62.44554705,0,0.58615782,0.19702364,56.91202562
1609,57.58320220,1,0.69557968,2.57907654,56.02056311
1610,47.69241139,1,1.92530693,1.18282374,48.36778205
1611,36.25719922,0,-1.01453844,1.52487921,35.41031702
1612,50.92736605,0,0.00633386,-1.72349435,53.23786474
1613,54.98852654,0,0.93375001,-0.29535158,48.90609599
1614,61.16041203,1,0.78607077,1.07254889,56.41732716
1615,37.27847223,0,-0.69038829,-0.46065367,40.06015475
1616,42.86176494,0,0.90024623,0.21221961,45.78950733
1617,49.23931566,1,1.55502938,2.45502861,51.39698132
1618,41.29126937,1,0.23548825,0.30004801,44.54310433
1619,51.06537079,1,1.44628206,0.34979770,53.53162354
1620,52.68368390,1,1.23532489,0.07546950,51.76781331
1621,61.59651198,1,1.18548244,2.91197454,60.29013684
1622,38.94489199,0,1.48272808,0.17010854,41.65363995
1623,37.54869743,0,0.02290251,0.26637796,40.25518043
1624,49.67953064,0,-0.81883136,-0.14687077,48.87312051
1625,34.44722323,0,0.34151215,-3.73377441,43.55962856
1626,45.13999918,0,0.25245673,1.81071989,43.44453120
1627,45.75417449,0,1.23099076,0.29367232,49.15362260
1628,55.82766590,1,1.14419423,3.60349611,52.19213225
1629,44.85238837,1,2.28561540,3.11690514,46.00477679
1630,63.13804056,0,1.50134051,-0.50736074,66.52754038
1631,42.32778307,0,0.70484263,1.75052268,41.35037615
1632,50.45564578,1,0.19782607,1.52628069,49.09342897
1633,45.24986453,0,1.74665524,0.20517441,49.76781631
1634,43.42324340,0,0.12668669,2.86610562,36.27903204
1635,61.89100912,0,-0.35500132,1.92982768,55.09256516
1636,65.02405097,1,1.07738254,3.51507541,55.93987367
1637,44.29266881,0,-0.52520118,-1.73573865,47.80566782
1638,49.80773800,0,-0.71319049,-0.11309033,52.15442321
1639,60.86281097,1,1.28549298,0.13682364,62.53747700
1640,46.67585004,0,-0.21485725,-1.76667724,51.02607888
1641,59.56455173,1,2.30182563,-0.79466066,62.50256513
1642,51.16255090,1,1.30250217,-2.78382517,61.30433390
1643,57.93068932,1,1.34583753,4.46401437,50.19636678
1644,39.75427583,0,-0.22626062,-2.33534269,44.06244647
1645,38.73907083,0,-0.00151502,0.30658727,39.93923923
1646,41.14098449,0,0.75095123,2.10171906,45.49293037
1647,47.01097305,1,1.14589055,1.89723744,50.03008289
1648,26.59659186,0,1.46498993,1.52253222,30.84366795
1649,39.02294547,1,1.06209738,1.95689269,47.46020694
1650,62.68667350,1,1.44142061,0.63169368,56.87662517
1651,49.88325549,1,0.64514244,0.83568445,50.72235715
1652,43.58873514,1,0.73495139,0.28862715,46.89362111
1653,64.40101976,1,1.69030378,1.01367285,64.57800375
1654,38.69534598,0,-0.78311606,1.81771855,37.64311568
1655,45.67266376,0,-0.53777247,0.21884003,50.67974658
1656,40.53174492,0,0.79996289,0.34858628,45.50794458
1657,50.81773441,1,0.80532347,2.11143763,55.81151072
1658,54.32755222,0,-0.35756099,-2.43711387,57.18078519
1659,45.28506035,0,1.42150878,0.66501311,46.70936855
1660,50.84340718,0,0.00463865,-0.33294269,50.86577469
1661,63.50296786,1,0.43842825,3.01627107,58.11212747
1662,50.55437878,1,2.21110415,2.33172220,47.71186183
1663,40.61329043,0,0.43913664,0.84759427,38.38443319
1664,61.28841671,1,2.30039221,0.30358232,64.60017271
1665,54.85914178,0,0.10915204,0.06883630,51.20234013
1666,45.64002546,0,0.22881877,-2.38325694,50.96408819
1667,53.94371146,0,0.39944569,-1.29576478,57.06475636
1668,42.39178555,0,0.37392782,0.82145975,47.45136547
1669,38.14111882,1,2.16320673,0.43073693,46.22706077
1670,51.77888693,1,1.17437688,1.56477474,45.84876489
1671,49.52604811,0,-0.28254379,1.97276280,45.45981935
1672,50.39866485,1,2.08658271,1.15983762,51.72143251
1673,35.78362268,0,0.81278733,-0.41668920,49.40770966
1674,43.01700431,1,0.43273554,1.68126941,38.66855948
1675,49.83720493,1,1.24468403,4.06452148,47.42535139
1676,35.20639628,1,1.29022648,-0.03483910,47.53032432
1677,39.73215104,0,0.32881996,1.63375522,37.99030599
1678,51.30339765,0,-0.16038992,-1.14354367,53.28655868
1679,40.75892875,0,1.06800348,-1.09948014,49.17964583
1680,51.08757539,1,1.20588323,0.06736278,54.74026124
1681,43.60306914,0,0.12995811,-0.59768267,50.00663415
1682,49.18515491,0,-0.38082618,-1.06754836,50.70289156
1683,47.84858057,0,-0.13247167,-0.62879141,46.32174979
1684,54.00635275,0,-0.78444412,0.59455261,53.41615932
1685,43.03386222,0,0.46265510,1.03683238,45.46230618
1686,48.82031830,1,1.55021814,2.13074429,50.30670375
1687,60.24645042,1,0.32010833,0.53636439,61.59673494
1688,37.89514452,0,-0.47796498,1.41487253,34.98165852
1689,42.44002322,0,-0.25648509,-0.82802089,40.37037160
1690,65.57793824,1,1.77062706,2.23094964,58.34666244
1691,23.73013649,0,0.41498829,1.17613173,32.42872743
1692,66.82872479,1,1.70905972,1.52322256,61.73951320
1693,41.71360631,0,0.93710662,2.19517763,40.51816948
1694,30.97478958,0,-1.24159294,-0.70428216,39.57326437
1695,56.49106893,1,0.83544622,1.78405598,53.84833222
1696,44.72502979,0,0.15244413,-1.53506381,45.04016378
1697,63.40775503,1,1.36055284,-0.60651821,65.25365054
1698,52.69828858,1,2.31154234,-0.23656313,59.26046862
1699,46.67208691,0,-0.27246010,0.11297044,50.82737560
1700,56.00897218,1,0.59002687,3.69370804,52.18051559
1701,54.45048976,1,1.77594186,2.62781649,45.05697765
1702,48.46234763,0,-0.46348465,0.83617531,42.25956627
1703,67.54048343,0,-0.28317337,-0.67042781,62.10317676
1704,50.21410527,0,-1.51670805,-0.51203424,45.94714964
1705,49.18174973,1,1.16499211,-0.39946258,50.91396481
1706,58.22139820,1,1.15640897,3.58892275,55.35149471
1707,55.88591486,1,1.27068114,0.98552565,50.57679423
1708,66.69349550,1,0.46426109,1.95758898,59.79670508
1709,48.48547010,1,1.07688673,1.75965598,50.09625281
1710,40.26295367,0,-0.04523767,0.21831756,40.48660832
1711,51.66194564,0,-0.22733403,-0.13420339,49.67796660
1712,45.15203919,0,0.30952209,-1.81056594,50.64577244
1713,52.72297718,1,-0.14497396,1.59061315,52.92703715
1714,35.26158131,0,-0.84880699,-0.40907736,41.37868061
1715,51.38655869,0,-0.65926989,0.48246413,44.04758248
1716,41.78497264,0,0.30316121,-1.17639026,51.36586576
1717,54.87312789,1,0.20345484,3.04145927,50.77715846
1718,47.71795471,0,-1.55692961,-1.78734464,56.73433009
1719,51.78207110,0,-1.28635659,0.11898134,44.92649464
1720,47.32632226,0,-0.32764926,1.93595759,42.45721957
1721,48.72493787,0,0.47969270,0.11359095,48.15965873
1722,59.74902460,0,-0.12650330,-2.30713623,63.06588214
1723,40.70031712,0,1.12626427,-1.27455858,51.56109765
1724,54.12192387,0,0.31112454,0.01182840,58.44659440
1725,60.10307413,1,2.21700457,1.63608075,55.84230459
1726,33.88825030,0,-0.64788932,-1.40926124,36.61489990
1727,37.48366087,0,0.88908979,-0.68017696,43.27655486
1728,51.62719496,0,0.81834167,-0.84364040,48.36303092
1729,49.73453951,0,0.06307149,1.10052103,47.72166667
1730,45.51172132,1,0.68753441,-0.01280206,45.68346144
1731,48.37259897,1,1.91895058,3.45991688,41.73432025
1732,57.22099078,1,2.07231811,2.72148682,61.20919138
1733,51.67806550,0,-0.40233688,-1.61346948,57.92491457
1734,54.88686191,1,1.04540559,1.45198867,55.70249132
1735,49.01476600,0,-0.55209513,0.19634133,47.29732080
1736,50.36624169,1,1.19783599,0.25933375,52.36011778
1737,55.68375482,1,1.20956005,2.33932636,47.85598669
1738,65.58303110,0,0.28250803,-0.37196232,61.58926089
1739,55.80126120,1,0.14159104,1.93482895,59.62971915
1740,49.09951932,1,1.49168771,0.51584895,46.46812932
1741,61.27814703,0,0.00615783,0.64421451,56.14880100
1742,48.15682345,0,0.78392337,-1.83258853,52.40620909
1743,42.36323818,0,0.16591564,0.30302401,42.97133609
1744,59.78363756,1,1.26379619,2.14038443,54.36740430
1745,46.89924844,0,-1.64078958,-0.07883067,43.43988066
1746,41.50653883,0,-1.96017364,1.48212276,38.99172014
1747,52.19983297,0,0.44296761,0.61800924,55.81842238
1748,55.50911227,1,1.08964202,1.42007078,57.52438757
1749,46.04671603,1,-0.11845710,2.34910000,47.99408637
1750,59.47510116,0,0.47122798,2.13041342,52.96263476
1751,63.62307251,1,1.08705860,1.50449682,63.44146788
1752,45.46030901,0,1.55051972,0.49757151,47.78257955
1753,63.05226589,1,1.90215960,0.46160576,65.72933557
1754,54.98474131,1,1.22287043,2.55128979,57.10398013
1755,53.66858773,1,2.57496029,0.10365021,63.88159185
1756,45.32604376,0,1.00629611,3.51045415,39.12065907
1757,61.42506898,0,0.06054476,-0.71613128,54.51296532
1758,49.84270271,1,1.75574818,1.47994713,51.66301123
1759,56.83001483,0,0.64916603,-1.03287514,54.85828970
1760,57.01104634,0,0.29494879,0.10023578,56.97268466
1761,59.87113632,1,1.35514208,0.71695967,54.14841269
1762,37.39632653,0,0.48377777,-1.30934489,44.40197915
1763,45.11759886,1,0.13985126,3.08919189,44.38234160
1764,51.06039299,0,-0.16374528,1.57566439,46.18567360
1765,60.02701333,0,-0.72713439,-1.07976239,58.10840700
1766,48.59135822,1,-0.42461877,1.23973174,42.14678047
1767,56.85315792,1,0.45453970,0.63857740,53.25980751
1768,32.46448919,1,1.84484754,2.61722583,36.88823989
1769,51.63197435,0,0.11754056,-0.30642699,55.89699475
1770,25.98410580,0,-0.28553704,-2.16836561,36.98716442
1771,52.27329335,1,1.45949118,1.95675614,56.65171645
1772,43.58139802,1,1.00302047,1.37580307,50.40330551
1773,52.49461989,1,2.02389061,0.00324227,55.13184618
1774,44.54091610,0,0.73296166,1.10222650,45.62930570
1775,51.48053173,1,1.37076592,4.52590400,41.62446479
1776,63.30059321,1,1.58804136,-0.47887681,69.40988802
1777,56.12706420,1,-0.06997045,-0.84152013,62.49393428
1778,55.14681943,0,-0.55252897,1.30023286,51.15481918
1779,50.53135078,1,1.05698317,0.43385722,54.17193835
1780,37.87429202,0,0.95174004,1.05973945,39.19470036
1781,56.40442507,1,0.05667256,1.12355146,55.03419409
1782,53.73160558,0,-0.88134280,-0.94555001,55.96209847
1783,36.56973004,0,0.04724329,1.30862190,42.51524025
1784,46.77211854,1,2.50281393,4.10954452,43.35226567
1785,34.98010565,0,0.48951697,-1.00848891,37.39836179
1786,41.23957736,0,-1.06613453,0.26693301,39.09701115
1787,43.28865493,1,0.69625038,1.82015917,41.91817622
1788,29.03543523,1,2.24271208,1.04486783,36.49724113
1789,42.39735266,1,2.29312846,1.73600758,46.40241250
1790,49.69674100,1,0.69193872,1.22997374,48.53294424
1791,51.10685211,0,-0.28067389,0.46162144,55.04554002
1792,66.46081138,1,2.19286249,2.14867572,66.14935833
1793,56.71648965,0,-0.87957279,0.52180944,49.16564740
1794,60.78334090,1,1.43675513,1.81169978,60.30307686
1795,35.76134406,0,-0.85173992,-1.46772763,45.08371555
1796,50.62992563,1,0.48190880,1.02689053,55.66525746
1797,60.51456229,0,-0.39618635,-1.01218244,56.23818150
1798,52.90942086,0,-0.18234746,0.49812851,46.60367544
1799,69.35896852,1,2.41167188,-0.13766596,71.93588085
1800,46.92650107,1,1.85721735,1.48628350,51.04791704
1801,56.68481989,1,1.36125592,0.89684178,58.50657586
1802,41.13840558,0,0.01174068,-0.82952180,45.49705654
1803,68.75125815,1,1.49255510,-1.88553977,74.46096020
1804,52.16221275,1,0.50763231,0.09779483,53.01025953
1805,66.92933998,1,1.49298887,2.81623912,56.24654656
1806,71.89410020,1,1.97675798,2.80876369,72.10375809
1807,55.21525852,0,-0.30662964,1.27538380,54.00750577
1808,57.21848415,1,1.96453526,-0.55119138,59.28593246
1809,40.12035726,0,0.62890633,-1.62201856,49.85817964
1810,41.11305575,0,-0.51497366,-0.55030690,44.48800320
1811,42.85772253,0,-0.56303255,-0.78355045,48.26485517
1812,52.70175386,0,-0.38699357,1.54690565,41.07014498
1813,53.42791584,0,-0.06173519,-0.13964056,54.45256980
1814,43.34235011,0,-0.49274996,0.06474203,44.27982535
1815,44.65339286,1,0.96646084,0.55635518,49.15934508
1816,50.75303436,0,0.59511798,-0.59152045,49.21024206
1817,72.74262028,1,0.30050063,1.24981387,67.57397940
1818,40.82314684,0,0.43872330,-0.72654034,45.16893639
1819,47.95245162,0,0.80823945,1.46043883,46.00829005
1820,56.44983889,0,0.73953158,-0.63961544,55.74347474
1821,57.67547036,1,0.79844206,2.90280160,52.19497791
1822,40.34420507,0,0.93161539,-0.69876627,46.55736022
1823,46.91884043,0,0.95195660,-0.16497007,51.00332948
1824,65.19294531,0,0.14899558,-0.10486568,65.04856366
1825,56.90834674,0,0.95321497,0.76442046,53.74877244
1826,61.33657928,0,-0.51081232,0.46151069,59.13023504
1827,66.38980477,0,-0.64106018,-2.23614104,69.45902659
1828,46.65166313,1,1.19920685,2.27220654,44.33109893
1829,47.75801396,1,1.03294572,1.98290571,44.18648311
1830,31.80457801,1,1.31392390,1.32929140,45.71582100
1831,57.60980099,1,1.08058195,1.47541646,58.34809637
1832,36.67004237,0,0.16360198,-1.49877455,38.78189242
1833,60.68408502,1,0.36348520,2.29267878,61.70443085
1834,43.31452549,0,-0.22090479,0.61016472,48.31632159
1835,36.70774329,0,-0.21573686,1.30814079,37.45328799
1836,55.74118102,1,1.05651724,-0.74689033,55.38775401
1837,43.11285730,1,1.45313577,1.26129164,50.50498698
1838,53.60051314,0,-0.55672204,-0.13617956,53.11863542
1839,49.88451167,1,1.43002173,1.91024311,51.62076434
1840,39.77532909,0,0.31695093,-0.60098715,44.55869037
1841,69.51180278,1,0.90974560,0.76287606,64.21958877
1842,38.66968536,0,-0.09306148,1.56974050,33.18778631
1843,61.04663261,1,0.29646470,2.33591918,54.93878392
1844,46.66196104,0,-0.87471489,1.09305622,43.77852797
1845,45.84287456,0,0.08829176,-1.43697974,55.06210677
1846,53.29763372,0,-0.24345439,-0.80765110,55.58392900
1847,51.09586395,0,0.68313054,-1.47856989,58.53345978
1848,48.52955630,0,-1.32669087,-1.47282037,50.21562655
1849,57.95687425,0,0.44693234,0.25327860,57.04613908
1850,82.55144383,1,2.45004417,0.72669962,70.84493149
1851,60.23930971,1,0.72314607,0.42954887,58.29280496
1852,65.71205797,1,0.60243103,0.35496857,65.07849947
1853,52.84196746,1,1.17100558,1.15451901,53.64956546
1854,37.70311237,1,0.65140955,0.77896231,41.65655076
1855,58.49111647,1,1.12823238,0.79421746,60.57270899
1856,51.16963298,1,1.21069938,2.96101495,50.48243376
1857,38.80479352,0,1.62898994,-0.04408507,44.64498572
1858,42.75103660,0,-1.06798213,-0.72347926,53.00090529
1859,47.34860124,1,2.22865443,-0.16955443,53.46290118
1860,46.25120145,0,0.25263262,1.00194519,46.00577622
1861,60.00298540,1,1.33216584,-0.50276209,64.32315743
1862,63.10485250,1,0.66747650,-0.13772594,67.28427693
1863,45.15709290,1,-0.47916881,5.67371023,44.03494667
1864,41.41510161,0,0.58984742,-0.51457487,50.37522499
1865,57.22281459,0,-1.12116429,-0.86514602,54.03841095
1866,40.05687981,0,-0.47278881,0.47491518,38.71162297
1867,45.88576758,0,-0.32157840,-1.33795194,44.65548683
1868,53.39423884,1,0.78107896,1.43286873,57.08860469
1869,59.89633630,0,-0.41952624,1.58686968,50.97145700
1870,61.04342407,1,1.14678281,-0.16410641,63.11727021
1871,50.10048364,1,1.63182178,0.31566191,52.69917595
1872,57.31215770,1,1.13841374,2.49198021,48.01676838
1873,32.12182718,0,1.67741440,0.54058674,38.29666311
1874,55.24331001,0,0.24864850,-1.27959236,54.17127908
1875,38.84102876,0,0.89020582,-0.05162201,45.21801779
1876,52.13908948,0,0.67081210,0.21194101,52.45695391
1877,53.34069572,1,1.77462550,0.32976320,56.69502354
1878,48.38283348,0,-0.88892741,0.12517334,45.24631786
1879,44.32811528,0,-0.36754987,1.95673144,38.13657285
1880,58.56789092,1,0.60515746,1.94199873,56.95952847
1881,54.17837768,1,0.15399197,0.76278347,54.43428590
1882,54.49147568,1,0.19777136,0.39557620,50.59377201
1883,28.92819539,0,-0.14444275,0.24145613,33.97565937
1884,45.17406963,1,1.75632341,0.11238525,54.31353000
1885,51.85150695,1,0.43909182,-0.65410455,64.32296730
1886,56.03495052,1,2.24196688,0.32837431,58.24796429
1887,60.18063428,1,0.72580138,0.91076713,61.56004739
1888,49.97384322,0,0.26549286,-1.68730360,52.81532351
1889,52.62891008,0,-0.75175314,-1.92595537,51.33602705
1890,57.93760295,1,0.61381740,3.90486512,51.56693405
1891,59.79311285,1,1.91859329,-0.51442784,67.85657399
1892,43.73154241,0,-0.47591758,-0.15807418,45.24564695
1893,49.11716158,1,1.81560784,3.35766055,44.72576767
1894,40.43225492,0,0.03920932,-1.86295135,48.79877551
1895,48.51925394,0,-1.25083813,-0.33019308,50.14644496
1896,47.09982723,0,-0.87201150,1.19388271,39.08259586
1897,40.83246820,1,1.68617476,1.10577556,43.66272100
1898,58.82742657,1,-0.73828013,1.01892654,52.55522173
1899,57.66212748,1,2.19672498,0.86005863,57.88517191
1900,55.34479576,0,0.63769667,0.42585878,54.89494910
1901,50.48515121,0,-0.68627140,-0.02837444,47.39653325
1902,31.39784748,0,0.81096021,-0.06705127,38.91196420
1903,52.12981170,1,2.35157423,0.48014374,58.88070991
1904,37.06760953,0,-0.52443072,0.99947983,38.71554122
1905,54.43524614,1,1.21654397,1.66565028,58.81515314
1906,51.62774438,0,-1.10046294,-0.33530526,50.88684832
1907,52.44305202,0,0.25773626,0.71821484,57.02941399
1908,60.24173848,1,1.69733257,1.27023759,61.75471638
1909,53.22699795,1,1.07706336,-0.40327204,57.83927000
1910,51.10281252,0,-0.48484323,-1.17936296,56.56637032
1911,45.98368194,0,-0.71175662,0.87459657,46.28921291
1912,62.20358720,1,1.48979367,1.44395844,57.44648680
1913,61.45983347,0,0.65563794,-1.55613331,65.62675661
1914,52.37449355,1,1.16537622,0.16616011,53.12435334
1915,70.05895858,1,0.06612922,1.41267933,62.22290799
1916,47.59192172,0,-0.27925802,0.67272732,50.38343356
1917,20.70449516,0,-0.37274222,-0.48378472,24.06237928
1918,48.44792910,1,2.53586529,1.67097547,50.74515507
1919,34.20437030,0,-0.21368128,0.42575382,41.47463455
1920,51.77828280,0,-1.52976621,-0.93151991,55.27137490
1921,55.33901406,1,0.54589620,-1.73902695,56.18489552
1922,42.10522621,0,0.89153089,-0.31665571,44.15389351
1923,50.87618553,0,-0.28477043,-1.39430558,59.74085202
1924,50.51078933,0,0.00931429,0.67200122,46.33772752
1925,43.52534206,0,-0.25592851,-0.19946024,43.86822718
1926,54.26522623,1,1.55322266,2.01100512,47.43711325
1927,45.71175362,0,-0.30904603,2.16744445,39.03887538
1928,53.40264851,1,1.15047548,1.66331506,50.33167135
1929,69.80560545,1,0.90425371,0.59909198,67.51527035
1930,54.60323495,0,1.27757851,-0.66027563,48.62395295
1931,35.57717033,0,-0.32380429,0.58160778,39.31595635
1932,53.17219594,0,0.98038715,-2.03993746,58.87615128
1933,47.05086099,0,0.00891382,-0.01314842,39.84714866
1934,57.05512296,0,0.20297043,1.42220210,57.75208429
1935,56.95045592,1,0.43843081,3.04401309,50.79496328
1936,46.10631324,1,1.41701564,2.97640386,46.16016341
1937,34.47850394,0,-0.07341728,0.37780369,33.15006271
1938,44.04359882,0,0.65131395,0.35591546,45.77317393
1939,56.34168993,1,0.33553179,3.12752426,51.09826594
1940,49.16185407,1,1.34850890,3.18333794,46.88891106
1941,64.57960159,1,1.76295178,-0.05960808,67.08953196
1942,55.62518939,0,0.66989115,-0.51526232,53.35636033
1943,45.22898953,1,0.61143775,0.88665439,54.30086983
1944,61.09950873,1,0.81393827,0.01595494,58.05582630
1945,41.31279364,1,1.96275021,2.14372905,50.64471958
1946,57.15779536,1,0.91398668,1.79094204,55.67793675
1947,46.11771696,0,-0.35324860,-1.03653826,50.44435373
1948,50.75860517,0,0.10290657,-1.17541249,56.15935409
1949,51.54109014,1,1.53848393,1.74900938,47.58819287
1950,46.71729361,0,-0.53636508,-1.70654624,52.91101278
1951,47.05967525,0,-1.04151749,-0.03523670,44.48807629
1952,35.92113447,0,0.10060996,0.36245029,46.31529084
1953,41.24448688,0,-0.61397045,1.14860889,42.80283563
1954,55.21090341,0,-0.63769916,-2.65479572,56.59308583
1955,41.27732848,1,1.74774592,1.41034651,53.07261146
1956,51.48799802,1,0.00375375,-0.04667480,51.62411452
1957,68.08903199,1,0.86839697,-1.40542841,68.78208595
1958,40.31209314,0,-0.57340377,-1.77027268,46.22874478
1959,53.56734340,1,0.57626730,0.84812921,59.19890976
1960,51.44629949,0,0.40018378,1.16812597,45.96723326
1961,48.81706980,0,0.67071435,0.02402957,56.32903008
1962,36.31365074,0,-0.40080850,0.29654456,37.17307482
1963,60.84738252,0,0.76310318,2.21998469,51.38673453
1964,39.86327616,0,-0.24989076,0.67120139,39.45990569
1965,48.44539727,0,0.52243292,0.50507177,48.26178048
1966,43.61853214,0,-0.03885843,1.21197496,47.36253486
1967,36.07083100,0,0.17262524,0.69991260,39.97217504
1968,50.90519290,0,-0.43615555,-0.50980346,54.62086519
1969,63.74029751,0,0.22205583,-0.56626621,60.66277006
1970,53.03141248,0,0.86533128,1.72567554,54.02703846
1971,60.18441049,1,1.25131853,0.76294978,63.04982638
1972,51.08294688,0,-0.35518737,-1.15724131,56.36129665
1973,44.65244458,0,-0.17985082,-0.08876446,43.91880825
1974,50.64300557,1,0.66759275,2.89110219,49.48249681
1975,74.22067728,1,1.75463584,-0.61209746,71.13501547
1976,52.37769345,1,1.37183715,-0.34177398,52.65244363
1977,47.47618894,1,0.44675136,0.12684035,50.29418907
1978,28.23614284,0,0.00552216,-1.13874753,35.82124083
1979,28.17950147,0,1.89030518,1.19089664,29.91522661
1980,47.89434915,0,-0.20563823,0.02882642,45.52567106
1981,40.92817248,0,-0.92116695,1.83227987,42.61079788
1982,49.07625263,0,0.71412584,-1.58365751,53.03531543
1983,34.45642533,0,-0.04710807,-0.40715945,38.48910202
1984,50.91674823,1,2.13352889,1.50498940,59.12529362
1985,44.02478440,0,0.25642825,1.08262201,41.04589220
1986,56.05081075,0,-0.00939372,-1.30709033,54.43914246
1987,36.76010148,0,0.13786295,-2.80098090,42.84232701
1988,61.66560857,1,0.76997243,0.66197577,63.75053590
1989,43.99914814,0,0.99560974,-0.57319424,45.64114047
1990,35.27519755,0,0.97766306,-0.07852814,40.48743123
1991,51.88100378,0,-0.77578380,-0.94674240,49.45379418
1992,66.75249047,1,2.48486062,3.01374960,56.08483627
1993,31.89334691,0,0.66456659,-0.19628343,37.09318492
1994,24.24557575,0,0.34261316,-0.95528572,28.72891752
1995,35.02932444,0,-0.58075468,1.29897102,41.75575248
1996,51.05311340,1,0.87923455,0.01688909,58.73155435
1997,73.21127369,0,0.62230267,1.10144624,63.05661727
1998,56.71794095,1,0.91843318,2.08086341,54.49266382
1999,63.99395738,1,1.96844397,1.13392326,59.72593401
2000,60.16340816,0,0.95007806,-1.17235969,56.61782180
2001,51.25379675,1,1.51211263,1.72797547,50.26726229
2002,49.04382065,0,-1.02914044,1.04943540,44.70777287
2003,48.27661344,1,1.38418761,1.50190037,48.37583177
2004,59.53686575,1,0.40511160,0.35606730,59.83020831
2005,50.84747908,0,-0.42622716,-1.97183003,54.97444830
2006,46.06036257,1,1.02418304,2.81090014,44.89284863
2007,36.36851550,0,-0.37664796,0.77607970,33.86537455
2008,32.12811018,0,0.62558927,-0.85686787,45.25048222
2009,45.38895092,0,-0.44499159,0.20601092,46.70099075
2010,36.66081752,0,-0.52040003,2.04066465,32.48829403
2011,67.57678286,1,2.15803332,2.43717436,64.43199338
2012,46.77315352,0,1.47463809,-0.76286192,57.66361853
2013,51.84096715,1,1.72792051,1.89897865,50.94658975
2014,42.60116359,0,0.70312878,0.41036944,45.75506642
2015,40.87878817,0,0.37353613,0.58514589,41.38209013
2016,48.89411337,0,0.21158622,1.56022822,45.95993447
2017,43.43372543,1,0.34260263,1.18028576,52.50391189
2018,28.42831726,0,-0.54497933,1.40757665,36.43997280
2019,41.02357013,1,0.60727943,1.03698489,42.25723324
2020,41.73093755,1,0.35912440,1.36890652,47.50831762
2021,61.55370347,1,2.40839822,0.90588399,63.47169789
2022,52.07342275,0,0.20723081,0.55902287,53.52802915
2023,54.05428258,1,1.15226143,0.94012547,49.62993594
2024,40.61857454,0,0.60093440,1.79818781,40.99115543
2025,59.51875201,1,0.95340962,-0.64868897,61.24005152
2026,43.55560369,0,-0.40425023,1.91290725,44.69662710
2027,38.28811980,1,1.50596365,2.88289513,40.55992645
2028,42.01826552,0,-0.22643852,-0.61266327,46.02018875
2029,39.66119547,1,0.58590276,3.21749640,41.38064260
2030,41.67956087,0,-1.14058182,-1.20298453,46.37418146
2031,47.77407177,0,-0.23335158,0.04281446,53.02022832
2032,57.98343990,1,1.78729342,-1.57601280,62.64881941
2033,30.40579655,0,-0.08060254,0.27380254,36.44380975
2034,47.57284048,1,0.63387228,0.24603809,50.52447322
2035,69.67816087,1,1.20620443,0.00429181,70.43806757
2036,60.45703990,1,1.24108600,2.65059549,54.26830411
2037,61.13017034,1,0.62614644,1.63211872,54.40285127
2038,69.53557542,0,1.23121091,-1.14495419,71.84418554
2039,58.74129999,1,1.20315589,0.19565806,58.29179121
2040,36.53544404,0,0.26222186,1.39845894,43.87057435
2041,46.92070357,0,0.77438802,-0.72817819,54.36445156
2042,50.57670304,1,1.96217896,0.21685585,51.91180035
2043,52.41265297,1,1.44931558,2.37701834,53.91922060
2044,54.04306934,1,-0.48341946,-0.05739902,55.64169580
2045,65.29057093,0,0.13204488,-2.55419162,60.05759258
2046,60.96699476,0,1.31346976,0.24814396,59.72047742
2047,57.24561555,1,-0.00446605,0.80768924,58.71179335
2048,49.13339717,0,0.52251389,0.06959602,45.03365201
2049,45.47890979,0,1.16041435,-1.47154890,42.56117740
2050,64.70463080,1,1.57163024,-0.03148690,68.63606758
2051,45.29832965,0,-0.03268225,-0.19024216,46.70662916
2052,54.86707121,0,-0.24542921,1.01808495,50.46336210
2053,37.79794038,0,-0.56481144,-1.93266328,46.89131620
2054,57.10816096,1,2.38171751,3.97039139,53.15158984
2055,33.02719271,0,-0.18351253,-0.16847821,36.16038556
2056,41.47124975,0,-0.10544076,2.42476722,37.83569999
2057,69.72900341,1,0.24903965,3.72983692,68.10201674
2058,68.44209782,1,0.21914681,1.28496548,68.01170556
2059,50.88816830,1,1.54037023,-1.50979509,58.92588666
2060,31.22257865,0,0.64581764,1.33776953,34.76745719
2061,44.33550977,0,-0.09299877,0.01604931,46.48290744
2062,43.76437212,0,-0.55931746,-0.47221367,47.41282065
2063,48.68504686,0,0.36490380,-1.16835583,49.51187071
2064,52.18961405,1,0.81001803,2.23294070,46.71639294
2065,46.62345829,0,-1.30923352,1.93905056,41.20043820
2066,62.13747574,1,0.15418537,1.64679952,57.04241870
2067,48.08202790,0,-1.49060311,2.15415292,36.63838869
2068,61.45039424,1,1.65301069,3.81212532,59.45260177
2069,61.98934093,1,1.27265511,0.81875598,59.99799087
2070,49.63853745,1,0.68384734,2.25890943,44.66307413
2071,54.00878593,0,-0.78415792,1.03932560,48.47087978
2072,47.14007548,1,1.43220043,3.23936176,49.31852539
2073,57.96039417,0,0.89802837,0.02944908,54.18494522
2074,46.99090730,1,0.73286967,1.26237295,51.30009819
2075,58.27114047,1,-0.09292807,-0.11856169,60.52545135
2076,54.84061811,1,1.34014771,1.95794039,53.56371618
2077,65.16157705,1,1.67970987,1.63635029,59.18594895
2078,52.74545974,0,0.59454024,-0.20586607,48.59280724
2079,46.21636246,0,0.21347901,-1.47772723,52.06330593
2080,68.31891501,0,-0.30578254,-1.10039912,65.90668435
2081,52.25117985,1,1.10468418,3.11927213,49.70977542
2082,34.73488549,0,0.41620893,-0.61108598,37.84258128
2083,41.47318818,0,-0.27661867,-0.57999332,48.86069828
2084,50.32891899,0,0.35490955,0.37585833,50.89048066
2085,47.02574062,0,0.57999054,0.79623349,50.07314819
2086,47.34559907,0,-0.17009763,0.36017918,45.21580052
2087,47.59784064,1,1.29540422,0.75545655,48.99869811
2088,59.25555569,1,2.87483987,3.20217330,52.07981564
2089,59.56176656,1,1.16494649,1.66269905,55.03411469
2090,45.12018537,1,2.49963262,1.44094693,46.46642088
2091,39.42984124,0,-0.03138397,-0.10423658,42.94687171
2092,54.28093252,1,1.07546270,0.07645857,64.41466927
2093,49.31855133,0,-0.41133249,2.19210483,47.09331823
2094,63.92526438,1,2.26969719,0.49801869,67.93611866
2095,46.63998112,0,-0.52067311,-1.92206622,46.16974065
2096,49.24948656,1,1.14364824,0.46671997,50.49066023
2097,52.92360404,0,-0.71348419,-0.01419033,53.53829463
2098,46.58310369,1,1.45655852,3.55316992,53.36558869
2099,48.69546168,1,0.54128702,0.85983855,51.74215554
2100,46.23445077,0,0.14220523,2.11240572,41.58778073
2101,57.76385764,0,0.11935489,-0.42498130,48.31697251
2102,59.52886697,1,1.60616238,0.96221040,63.82422207
2103,53.48049986,1,1.28339103,1.33474972,55.31590095
2104,65.65288182,1,1.01773577,2.23579439,60.76472909
2105,67.89524001,1,1.14512708,1.51370803,61.93619710
2106,38.87923293,0,-0.26056229,1.45670919,41.06067526
2107,56.53704281,0,-1.59950867,0.82780381,45.98504554
2108,40.65579731,0,0.03539379,0.76227773,38.89739110
2109,44.40627442,0,0.62631175,-0.24142387,49.60671487
2110,47.27003074,0,0.18027225,-0.45254967,47.87060744
2111,40.63283906,0,1.51007765,0.11758904,44.46401429
2112,41.60312954,0,-0.26503776,1.54776510,39.35598167
2113,42.17450225,0,-0.17818006,-1.50965269,43.25318893
2114,61.47024032,0,0.03195283,0.45114694,55.77704076
2115,55.57923758,0,0.36652649,0.68892197,55.77081762
2116,51.64246262,0,-1.05253154,1.58662017,47.03228903
2117,54.18604659,0,-0.47243597,1.86098333,51.65240153
2118,56.72073776,0,-0.03779768,-1.73601112,56.09518759
2119,40.95106359,0,0.13117446,-1.38628432,44.44212520
2120,57.91342212,1,2.60026424,0.81737728,59.34899220
2121,47.48256364,0,-1.45603424,-0.90972918,54.44742653
2122,49.45091010,0,0.01381113,0.34491180,52.08668529
2123,62.84330422,1,0.40466917,-0.08671063,59.17158698
2124,37.93882091,0,-0.05574226,1.95938918,39.33356221
2125,47.33493568,1,1.69969066,-1.26646651,62.04192476
2126,49.56555061,1,0.98356181,1.22619784,51.31234834
2127,55.99599570,1,2.33135295,2.95325579,51.86758703
2128,57.28238593,0,-1.32460799,1.09048448,48.81850001
2129,52.07975835,1,-0.03331694,2.86233429,47.09102957
2130,31.86459114,0,1.61843128,1.33384657,33.60071096
2131,38.72516214,1,2.34439068,1.55505783,44.46839236
2132,54.11430835,1,1.11677578,0.33728165,55.06078321
2133,60.76935021,1,0.63469971,0.69023194,58.40388998
2134,50.28251402,1,0.79144201,2.24337616,53.19398153
2135,46.55334646,0,-0.93738518,-1.13739777,55.10325764
2136,57.93359512,1,1.38547178,-0.92718502,65.82790644
2137,61.12715633,1,1.27150795,3.09207185,59.40282801
2138,41.95575325,0,0.45473553,-0.68609085,47.42166482
2139,41.14405158,0,-0.04741217,1.35642790,43.33269169
2140,51.25206959,1,0.54035857,1.27081409,48.88044436
2141,51.84695105,1,1.03594341,1.78736549,46.83022870
2142,23.82353324,0,-0.14757901,-1.87830460,30.34530253
2143,51.18009569,1,1.68094140,-0.61960873,53.47329446
2144,46.36900794,1,1.09527182,2.73454811,42.62449735
2145,58.11435166,0,1.25857001,-1.63754349,62.48885937
2146,38.06190112,0,-0.72878669,0.54628878,44.99975921
2147,50.29968572,0,-0.36734925,-1.78506307,51.86320413
2148,58.86453396,1,-0.24974519,1.83626707,60.66946616
2149,52.88650608,0,-0.52673514,2.30626418,48.21670757
2150,40.93240465,0,0.37685509,0.47444115,39.23478831
2151,40.90566456,1,0.86338517,2.08439193,49.04945099
2152,37.09500164,0,-1.06614553,0.95577242,41.09868876
2153,61.74446680,0,1.29217806,-0.08124401,52.07410375
2154,47.93068235,0,-0.95545566,0.90353240,47.91670685
2155,50.80981178,1,1.52455978,2.64172262,48.70600688
2156,61.19914618,0,0.52606678,-0.97543923,62.52307435
2157,37.19112727,0,-0.24269221,-1.07317496,43.16438995
2158,54.15356971,1,0.93430070,2.41556824,47.15683636
2159,43.97583336,1,1.42035833,1.28545009,44.33013425
2160,63.20244236,1,-0.04592200,1.67111283,61.85306009
2161,59.08200510,1,1.10474667,1.34335605,64.18105697
2162,36.21351406,0,-1.33381636,0.84934091,37.99302121
2163,62.46711807,1,0.79892114,-0.00218622,60.64625698
2164,50.29332126,0,-0.57645573,1.32358229,48.33982886
2165,26.84146853,1,1.11704638,-0.65985465,39.73103266
2166,52.30517380,0,0.75461725,-2.66480088,58.70614057
2167,60.96530974,1,1.16579271,-0.46857223,61.44066243
2168,33.47372239,0,-0.36053125,-1.24966858,42.89560864
2169,48.32984437,1,1.33095579,1.13918943,51.66414641
2170,56.02330873,1,0.76495435,0.91987930,57.19366870
2171,40.45346003,0,0.56478439,0.38454284,44.46033292
2172,54.47743663,0,-0.47562224,1.47592894,45.06417608
2173,34.91256936,0,-0.12532263,-2.07258979,44.09456833
2174,57.63332786,0,-0.20037788,0.52865890,56.96549178
2175,34.86492727,0,-0.14269809,-0.06431157,37.01190594
2176,64.27515899,1,0.10935383,4.06582694,56.54513561
2177,49.57649578,0,-0.14638703,0.67830940,46.15866250
2178,45.35275904,0,0.53238757,-2.86773151,53.29576982
2179,40.39921502,0,-0.39656348,-0.38224852,44.89258882
2180,52.50060687,1,2.06812744,0.20768688,52.40250900
2181,57.96011791,1,1.72915863,0.70102831,63.96482528
2182,50.36650365,0,-0.30235009,-1.31255593,52.42983456
2183,49.64701149,0,-0.62810478,-1.51014478,53.89454026
2184,53.51262429,0,-0.75674110,0.29043478,49.43301951
2185,54.63044762,0,0.28384339,0.19419221,57.30886251
2186,50.49419881,0,-0.33401217,0.56699981,44.88188859
2187,45.58397436,0,-1.24399334,-0.72516466,56.76222229
2188,57.35865514,1,2.53644094,1.50579951,58.63380096
2189,46.95428716,0,-0.77486923,-2.62644894,48.46089745
2190,48.24194082,0,-0.72154421,0.34012577,45.33592965
2191,47.52502586,0,-0.64152266,0.01994652,42.54713891
2192,47.08572269,1,0.31988271,0.61309733,50.55078065
2193,50.87951412,1,0.54594258,4.18150493,43.53564469
2194,63.46170972,1,0.55108207,-1.43204717,61.88389965
2195,62.32171304,1,2.19497786,2.26080271,56.36602050
2196,54.28191695,1,0.21812779,2.20240084,51.22529028
2197,60.07581552,1,0.28947299,2.68897122,58.58608774
2198,39.65749049,0,-0.88581274,0.40249437,44.96457591
2199,53.89229492,1,1.85627367,0.75464294,57.46617254
2200,67.40364646,1,2.60802625,2.16509384,64.61944893
2201,46.37957602,0,-0.11882856,-0.01529997,47.59422516
2202,36.02029180,0,0.34426395,-0.27295946,38.26900329
2203,47.82482527,0,-1.37935050,0.48800581,48.41641616
2204,44.39382463,1,0.86039411,0.60996565,45.39617669
2205,53.66893779,1,0.88766596,0.75026368,56.59628515
2206,38.65907876,0,0.21340448,-2.51866842,44.78121085
2207,50.24490216,1,0.98313434,0.80864810,53.64110555
2208,57.47923609,0,1.72198400,-1.32491688,59.32441405
2209,57.08233892,1,1.16767563,2.55403830,58.78101569
2210,55.13747238,0,0.04855149,2.08950073,47.53582913
2211,41.28660627,0,-0.83592824,-0.20426761,40.57539327
2212,43.70836635,0,0.02734258,1.31526221,42.00189245
2213,52.79502568,1,0.68617402,1.30762334,49.78691205
2214,43.72341439,1,1.55094619,0.20753595,49.95996099
2215,50.73502362,0,0.05856429,-1.66114854,57.97308932
2216,52.53369436,1,2.50256131,0.22411332,52.92952836
2217,63.94571363,1,1.58794541,1.98953836,60.45479887
2218,57.09812394,1,2.17121730,0.71179392,60.77494021
2219,55.04620996,0,1.00137507,0.42915236,51.84177419
2220,58.11326775,0,-0.46819494,1.66129060,48.14885653
2221,59.30343741,1,1.16483292,3.53728144,55.32322460
2222,22.12922789,0,-1.03675504,0.10556650,26.30787105
2223,45.24930026,0,-0.32461186,-0.31303564,42.78501114
2224,51.36111406,0,0.44092038,-0.06156310,49.58211888
2225,35.13809836,0,-0.53296795,-2.00039405,43.21972334
2226,41.99229551,0,-0.30225246,-0.33156139,45.47676778
2227,45.11912243,0,-1.20052699,-2.05795485,55.40910714
2228,56.19124005,0,-1.87897403,0.56789616,51.75006352
2229,58.64369877,1,1.30662576,2.22088971,53.82306635
2230,48.52565947,0,0.49713132,1.81733295,40.23374410
2231,38.73722768,0,0.81957664,0.23125922,44.35383509
2232,51.62505596,1,0.69619239,1.07066065,51.30200876
2233,58.21872496,0,1.20013253,-1.45379284,58.93638008
2234,46.11491100,0,-0.01999476,-0.01375576,43.70818997
2235,37.56918266,0,0.41972566,2.55433791,34.74986630
2236,49.86506606,1,1.27789573,1.77994978,53.20235497
2237,50.07887994,1,2.26232175,-0.78572434,62.13491685
2238,31.60483084,0,0.37003487,0.38042970,35.81904041
2239,44.89103190,0,0.33053371,-1.10984322,47.63288180
2240,46.01696211,0,0.72251659,-0.13242311,47.32659680
2241,39.39370594,1,1.83608293,2.97086609,43.71591284
2242,55.68483956,1,0.85957693,2.38295989,57.20859150
2243,67.25239322,1,1.34981503,1.88796422,69.42503392
2244,39.23224932,0,-0.54141473,-0.28459017,41.71626561
2245,44.84550651,0,-0.45737006,-1.51494285,48.43002671
2246,40.12929589,0,0.40236348,-2.32727796,47.14621708
2247,69.59440662,0,-0.24819274,3.19140057,61.42806151
2248,51.12462433,0,0.55274284,-0.41346016,58.71096876
2249,53.61660931,1,1.85444384,1.04531878,54.38154836
2250,50.66622132,0,-0.59622880,-0.52515154,56.18442580
2251,54.45004732,1,0.57227473,2.65768227,53.83236797
2252,44.07985305,0,0.51172378,0.71548341,51.86684429
2253,46.55726802,0,0.57080114,-0.84001520,50.28395805
2254,48.58750567,1,1.53453404,1.10015121,55.09952566
2255,30.97339696,0,-0.60641406,-0.85523678,38.38572814
2256,45.84579837,1,2.77069735,1.17600552,50.01322427
2257,40.22996343,1,1.72179078,1.93825265,50.82884529
2258,47.38562252,0,-1.09178543,-0.52503601,49.83389755
2259,43.56315950,1,0.75607087,0.95626046,43.40711727
2260,46.60254055,0,1.42136472,-0.22047586,48.18426646
2261,51.67997326,1,-0.01953442,1.51185533,53.54947096
2262,53.42143041,1,-0.32826450,0.14096743,54.46881211
2263,56.38361346,0,-0.71285073,-0.73476774,55.57082101
2264,54.75267658,0,-0.82359137,-1.03642368,54.85666059
2265,48.89625723,0,-0.62387739,1.38944928,53.23739192
2266,34.64549486,0,0.28629054,0.40668863,42.52007542
2267,56.90157009,0,-0.04978120,-0.86684050,56.28803896
2268,61.60296150,1,1.40453712,-0.90792797,62.62321388
2269,60.75472222,1,2.18697396,1.74720954,59.61726578
2270,63.92949674,1,1.55940199,0.85175808,60.18586247
2271,51.36954852,1,2.22478249,1.22665641,52.11987593
2272,62.52275459,1,0.95922666,2.37404315,58.62526526
2273,60.53960071,0,-1.32287707,1.88258755,50.25096783
2274,63.43668428,1,1.04604864,0.21907291,67.57830908
2275,36.78794892,0,0.36639102,2.53812210,31.39124963
2276,53.78760160,1,1.46999407,0.75175665,52.21300298
2277,46.07895293,0,-0.42657530,-2.19190997,53.94577013
2278,49.82791629,0,-0.26627505,0.37413676,47.65186766
2279,47.36984169,0,-0.21331274,0.75974287,47.79856249
2280,49.95405725,0,0.39335961,-0.23763042,53.08372459
2281,43.53505856,0,-0.06656728,-1.55782370,50.16690708
2282,50.78329324,0,-0.44122048,0.03513582,54.75352076
2283,61.18942610,1,1.50996694,0.85279919,59.21048678
2284,38.46168099,1,0.40393717,2.98740589,39.75817508
2285,52.15954369,1,1.46036600,2.73309875,54.85787947
2286,50.68059233,0,0.22155633,1.46922208,52.46695951
2287,50.06297563,0,0.41221035,0.42342101,53.32260131
2288,53.04526558,1,2.09472930,1.33687640,57.68190724
2289,39.22653357,0,-0.19077245,0.74259804,43.70975240
2290,40.02064886,0,0.61316218,0.62060913,38.84067327
2291,57.41349187,1,1.72501902,3.29551541,60.27469140
2292,54.01627594,0,0.49393416,-0.55865940,55.84516092
2293,49.21915715,0,-0.06651384,-1.06046586,52.91515986
2294,56.91041512,0,-0.45029213,-1.67651268,53.99633476
2295,43.41649850,0,0.31617281,3.16661959,40.54015468
2296,44.65474550,0,-0.59179099,1.34766167,43.94057934
2297,30.40928920,0,-1.16474720,-0.52810381,41.23530043
2298,53.43942720,1,0.31756284,0.61321114,54.10526884
2299,39.40259661,1,1.77952237,2.82271447,44.38934849
2300,50.25453994,1,1.20480270,0.76028863,54.52344820
2301,47.92804563,1,2.43313696,1.23467227,51.01418418
2302,43.75788219,0,-0.99007541,-0.94415402,44.41624138
2303,64.77638314,1,1.46834943,2.32770647,59.98959672
2304,58.27813338,1,2.28547555,2.19058431,57.48758290
2305,52.37447519,1,1.47011393,0.66438894,51.60620037
2306,43.72525318,0,1.27819813,0.47911610,48.60622684
2307,46.09760786,0,0.02403348,-1.27450824,53.93791068
2308,43.19296104,1,1.70501189,2.56288118,50.72202851
2309,52.16787366,0,-0.02304100,-3.01490350,56.67776467
2310,49.44460678,0,-0.25363690,-0.06671364,49.24092884
2311,40.01855972,0,0.40808515,-1.45590422,49.70931637
2312,66.50530131,1,1.34131454,2.37578259,61.88303578
2313,22.48401030,0,1.60870438,-0.30604006,31.77082713
2314,53.47532819,0,-0.06356323,0.14473342,49.09931559
2315,55.01006827,1,2.49871452,1.24230035,57.15080047
2316,55.45660586,1,1.27567962,1.55635909,54.35545437
2317,39.39446889,0,-0.38112566,0.87850048,36.59723894
2318,45.03018645,1,1.36925801,3.05263588,51.05587113
2319,34.82468220,0,1.33909621,2.10401914,35.72550382
2320,80.64573969,1,0.40759576,0.04031123,71.06585920
2321,48.41260970,0,0.71939342,1.18252345,46.62581924
2322,38.81911811,0,-0.59947445,-1.92404890,42.42019719
2323,46.36770654,0,-0.17426474,-1.34734390,47.75565198
2324,55.25506153,1,-0.30862838,1.82555754,43.75188870
2325,56.13034972,1,0.82014571,-0.73261116,60.03524074
2326,49.02010999,0,1.50923247,-1.29539385,51.34662647
2327,54.46934356,1,0.54260609,0.23713475,56.37466210
2328,50.97288621,1,1.13091763,0.36319654,59.61059055
2329,56.77483245,0,0.10396377,2.81878694,45.01852925
2330,52.50483384,1,1.15833119,1.43351267,54.52295071
2331,37.21629112,0,0.33512429,-1.44015813,44.08948979
2332,39.64201973,0,-0.73090344,0.10413001,41.90844970
2333,58.37599693,1,-0.45174680,1.99823983,49.48225426
2334,69.31959942,1,1.55403048,2.53568052,64.41017469
2335,64.88854619,1,3.25006611,1.51689861,65.62071986
2336,50.70748472,1,1.68714845,0.11546371,55.85303208
2337,49.80565069,0,-0.73313867,-1.33833572,45.36058613
2338,33.46802370,0,0.24581192,3.10559899,33.20965389
2339,39.41254518,0,-0.36549364,-0.74100150,45.15470421
2340,36.73162145,1,0.78351644,0.09061644,48.99969892
2341,51.68078441,1,1.27664788,0.65948493,47.29343120
2342,47.28479028,1,0.81226865,1.72092818,45.81620312
2343,62.37238852,1,0.16723276,0.40036361,57.18347603
2344,48.22774961,0,0.83207652,0.22984819,49.28771272
2345,45.41874468,1,0.62933340,3.21269374,42.30712674
2346,47.94142987,0,0.68281594,0.11443514,50.35103843
2347,37.76880180,0,-0.15917536,0.23470912,39.33035029
2348,58.18039944,0,0.73172607,-2.41826325,64.99772108
2349,47.69206681,1,0.99875657,2.56322039,52.17140278
2350,53.55783304,1,1.67781504,-0.46932522,62.15619201
2351,48.74958758,0,0.10519848,0.65159950,47.97729653
2352,52.23747688,0,0.32835480,0.01307163,50.87333025
2353,49.81883500,1,-0.25219687,1.10183860,53.64929413
2354,61.59966624,1,0.50104046,-0.89289132,70.77858930
2355,42.17052155,0,0.84428623,0.52223401,39.79766789
2356,56.42514468,1,1.09985060,1.24163811,54.92345604
2357,49.76475478,1,1.22208714,0.48864762,50.70486043
2358,45.15988483,0,1.03638181,0.87850771,45.78749138
2359,32.63327050,0,0.03115668,1.31019068,34.96260939
2360,60.73554097,1,1.95908202,0.06977895,64.58259673
2361,34.42583470,0,-0.88029384,2.34039722,30.47556878
2362,63.45680564,1,0.89823248,1.07984118,63.30729037
2363,75.74154134,1,1.70918148,2.98422235,65.82310530
2364,39.53819036,1,-0.44374914,4.29570183,36.85958700
2365,47.57116428,0,0.18493331,2.32664621,49.72240061
2366,61.06701241,1,1.74374627,1.94359689,62.97305486
2367,56.50901830,1,-0.24490527,0.96860750,63.84929047
2368,56.94574226,1,0.90062405,2.27534682,53.02057929
2369,61.95320452,1,1.01518608,1.16004533,64.22740971
2370,52.79757811,0,0.07166370,-0.68548711,51.48811455
2371,55.64625752,0,-0.69888541,-0.13349476,53.11356604
2372,45.45270366,1,1.92707999,1.65962742,48.32233510
2373,43.80786715,0,-0.51767347,-1.19975474,47.14152083
2374,43.70390227,0,0.77397416,-0.15897771,43.99672109
2375,41.17038966,0,0.24173371,-0.36152894,44.28826783
2376,38.15209338,0,1.23193556,-1.61758308,46.71031780
2377,44.93936301,0,0.27148803,0.70566330,42.11655388
2378,64.71217970,1,1.30964982,1.19420752,61.17403816
2379,46.66302707,1,1.60824520,2.21836102,48.27926414
2380,45.60513044,0,-0.97567444,-0.85842413,50.04610515
2381,40.23720102,0,-0.62282867,-1.39470321,39.83692427
2382,42.54931856,0,-0.49946141,-0.63274523,46.64184970
2383,42.67889055,0,1.60614335,1.75529372,47.38647701
2384,60.21900838,0,-0.09504895,1.97993658,54.13870351
2385,41.40683064,0,-0.57240294,-0.65160452,37.11092666
2386,48.46235421,1,1.33990052,0.91028309,46.71277217
2387,47.09985518,0,-1.27518231,0.23353714,41.33108349
2388,45.42094355,1,1.48846071,-0.16117427,52.34295262
2389,50.26187022,0,0.99552383,2.34927471,43.82906042
2390,48.55122959,0,0.80262558,-0.88670493,48.50398713
2391,55.38650410,1,0.88971225,3.36601574,47.08890870
2392,49.71278655,1,1.27964445,2.00440208,52.98154709
2393,50.12708984,0,-0.62079478,-0.24527239,49.81911907
2394,52.47948481,1,0.89004851,2.87708606,49.24216966
2395,67.69461824,1,1.21154896,1.09355142,63.17523869
2396,50.54214668,0,-0.68108386,-0.42672617,50.08006028
2397,61.50952625,1,-0.12772962,-0.73624191,64.48728398
2398,44.82804182,1,0.09310220,1.00694340,38.98604709
2399,42.45744441,0,-0.02333224,-1.54522649,52.31483598
2400,39.36751594,0,1.33682904,-0.24794589,44.92090568
