applicant_id,diagnostic_score,centered_score,tutoring_eligible,baseline_gpa,end_term_math_score
RD0001,46.531284,-13.468716,1,2.161364,74.31082
RD0002,75.463833,15.463833,0,2.942115,78.333055
RD0003,58.08652,-1.91348,1,2.726445,69.440048
RD0004,48.21403,-11.78597,1,1.677039,68.63793
RD0005,63.452807,3.452807,0,2.717667,70.452042
RD0006,69.789401,9.789401,0,3.138226,77.969487
RD0007,40.000001,-19.999999,1,2.342358,64.147014
RD0008,73.06042,13.06042,0,2.715441,73.374993
RD0009,47.680796,-12.319204,1,2.522825,66.764778
RD0010,58.191605,-1.808395,1,2.456116,74.95615
RD0011,46.639585,-13.360415,1,2.332838,65.515149
RD0012,52.981467,-7.018533,1,2.662615,72.682633
RD0013,58.260921,-1.739079,1,2.5874,72.839184
RD0014,79.999999,19.999999,0,3.193466,88.130895
RD0015,63.127553,3.127553,0,2.754597,72.266079
RD0016,60.405054,0.405054,0,2.636269,67.624517
RD0017,54.946017,-5.053983,1,2.261974,66.799692
RD0018,73.758909,13.758909,0,3.235188,82.974338
RD0019,74.937446,14.937446,0,3.319129,85.052824
RD0020,62.696083,2.696083,0,2.457298,68.436539
RD0021,47.082447,-12.917553,1,2.581982,58.304239
RD0022,61.676512,1.676512,0,2.887921,65.574971
RD0023,45.465553,-14.534447,1,1.945819,71.041698
RD0024,65.389563,5.389563,0,2.606096,80.144844
RD0025,55.830488,-4.169512,1,2.628837,72.892058
RD0026,58.941606,-1.058394,1,2.661387,75.963667
RD0027,59.373489,-0.626511,1,3.030509,81.353208
RD0028,50.538381,-9.461619,1,2.640029,59.082436
RD0029,53.251919,-6.748081,1,2.967986,68.617439
RD0030,60.132039,0.132039,0,2.656206,62.85536
RD0031,63.760195,3.760195,0,2.88754,67.52115
RD0032,62.895641,2.895641,0,3.20936,69.671142
RD0033,54.5143,-5.4857,1,2.471092,66.336173
RD0034,68.457077,8.457077,0,3.077521,79.664405
RD0035,59.785607,-0.214393,1,2.892543,61.416408
RD0036,72.197577,12.197577,0,3.002711,73.494666
RD0037,47.756141,-12.243859,1,2.384421,73.138062
RD0038,63.972763,3.972763,0,2.467736,59.974599
RD0039,58.532386,-1.467614,1,2.515097,71.711265
RD0040,54.159409,-5.840591,1,2.743147,75.780151
RD0041,52.511576,-7.488424,1,2.412353,68.159203
RD0042,79.999999,19.999999,0,3.289305,77.445319
RD0043,69.173295,9.173295,0,2.675133,73.080745
RD0044,58.220248,-1.779752,1,2.433753,71.706426
RD0045,54.581099,-5.418901,1,2.456575,78.177663
RD0046,64.705438,4.705438,0,2.310844,68.817515
RD0047,46.379129,-13.620871,1,2.378879,63.815913
RD0048,63.366123,3.366123,0,3.131477,67.345502
RD0049,50.355701,-9.644299,1,2.915935,75.273971
RD0050,42.041137,-17.958863,1,2.606862,75.077355
RD0051,55.659466,-4.340534,1,2.416308,60.736709
RD0052,40.000001,-19.999999,1,2.013063,65.048494
RD0053,48.557245,-11.442755,1,2.350315,69.172873
RD0054,72.215679,12.215679,0,2.884563,81.655486
RD0055,57.415167,-2.584833,1,2.710672,63.072881
RD0056,51.707269,-8.292731,1,2.493102,55.981482
RD0057,55.428002,-4.571998,1,2.772202,71.696922
RD0058,54.950512,-5.049488,1,2.664266,65.540464
RD0059,40.000001,-19.999999,1,1.892138,64.995368
RD0060,63.914295,3.914295,0,2.242227,74.288338
RD0061,47.544208,-12.455792,1,2.464679,65.995712
RD0062,64.812641,4.812641,0,3.030955,74.357086
RD0063,71.084308,11.084308,0,3.267727,71.442789
RD0064,60.548078,0.548078,0,2.816761,68.825416
RD0065,43.140175,-16.859825,1,2.116985,70.470493
RD0066,46.295434,-13.704566,1,2.401034,56.941978
RD0067,63.872481,3.872481,0,2.824748,71.251016
RD0068,60.192156,0.192156,0,2.860759,69.10183
RD0069,43.920416,-16.079584,1,2.139539,69.901756
RD0070,56.669774,-3.330226,1,2.77908,70.857334
RD0071,64.739757,4.739757,0,2.788822,66.025339
RD0072,57.929967,-2.070033,1,2.639483,59.74007
RD0073,51.037826,-8.962174,1,2.140816,58.138334
RD0074,64.118919,4.118919,0,3.200703,68.99554
RD0075,59.561732,-0.438268,1,2.044206,61.819101
RD0076,59.408194,-0.591806,1,2.735982,67.108432
RD0077,53.567853,-6.432147,1,2.540989,70.12685
RD0078,59.938211,-0.061789,1,2.328877,62.918016
RD0079,65.015116,5.015116,0,2.763215,64.28945
RD0080,64.622795,4.622795,0,2.897612,65.513483
RD0081,55.928116,-4.071884,1,2.813259,59.317863
RD0082,63.359293,3.359293,0,3.212476,75.266727
RD0083,60.463066,0.463066,0,3.30294,64.936075
RD0084,64.128408,4.128408,0,2.872696,67.545887
RD0085,53.704214,-6.295786,1,2.590853,64.718094
RD0086,69.694749,9.694749,0,2.335245,74.306647
RD0087,59.825635,-0.174365,1,2.712795,78.02219
RD0088,61.787118,1.787118,0,2.539932,63.808003
RD0089,57.852964,-2.147036,1,2.737699,62.828237
RD0090,42.105675,-17.894325,1,2.756694,62.783222
RD0091,62.812045,2.812045,0,3.146899,70.853558
RD0092,69.011862,9.011862,0,2.674414,66.587708
RD0093,58.166162,-1.833838,1,2.840615,67.334321
RD0094,48.020491,-11.979509,1,2.944674,75.151078
RD0095,62.223295,2.223295,0,2.74246,67.437865
RD0096,61.87243,1.87243,0,2.944657,70.981637
RD0097,53.631788,-6.368212,1,3.245822,72.065488
RD0098,63.811924,3.811924,0,2.652718,72.941532
RD0099,54.272121,-5.727879,1,2.605988,70.415338
RD0100,61.133344,1.133344,0,2.988139,77.63036
RD0101,63.461103,3.461103,0,3.043374,64.799715
RD0102,67.42773,7.42773,0,3.061486,63.036203
RD0103,52.078116,-7.921884,1,2.404619,65.881069
RD0104,54.665852,-5.334148,1,2.763595,70.083713
RD0105,68.02368,8.02368,0,3.343462,74.22019
RD0106,40.000001,-19.999999,1,2.864542,67.650432
RD0107,59.047292,-0.952708,1,2.946649,65.23445
RD0108,79.999999,19.999999,0,3.574282,89.391173
RD0109,65.159499,5.159499,0,3.19314,68.400381
RD0110,68.262761,8.262761,0,3.065389,68.070652
RD0111,57.5786,-2.4214,1,2.727591,72.690093
RD0112,65.172413,5.172413,0,2.80048,74.662143
RD0113,65.297396,5.297396,0,3.059299,68.569269
RD0114,66.556028,6.556028,0,3.297195,63.644569
RD0115,68.828999,8.828999,0,3.936243,61.299601
RD0116,48.063919,-11.936081,1,2.186618,69.138229
RD0117,65.15606,5.15606,0,2.388469,69.482644
RD0118,63.474856,3.474856,0,3.54977,70.172734
RD0119,70.939568,10.939568,0,2.935418,80.082649
RD0120,52.696551,-7.303449,1,2.366451,72.028837
RD0121,57.043385,-2.956615,1,2.434572,62.755648
RD0122,40.000001,-19.999999,1,2.349301,64.893477
RD0123,66.746546,6.746546,0,2.893258,74.821995
RD0124,65.197929,5.197929,0,2.359856,61.790743
RD0125,48.491915,-11.508085,1,2.887228,72.987185
RD0126,61.361515,1.361515,0,2.592411,63.902847
RD0127,55.697995,-4.302005,1,2.776333,73.349702
RD0128,74.552852,14.552852,0,3.401409,74.324832
RD0129,42.532844,-17.467156,1,1.660135,68.001127
RD0130,57.263183,-2.736817,1,3.15433,75.70301
RD0131,57.139994,-2.860006,1,2.752703,68.376404
RD0132,63.229101,3.229101,0,2.808177,73.761654
RD0133,76.156011,16.156011,0,3.438312,70.791755
RD0134,65.542205,5.542205,0,2.564729,72.65261
RD0135,69.306932,9.306932,0,3.515386,77.284213
RD0136,53.709035,-6.290965,1,2.424516,65.902873
RD0137,60.463391,0.463391,0,2.693094,71.277013
RD0138,65.995521,5.995521,0,2.967572,67.573029
RD0139,54.273044,-5.726956,1,2.620445,70.230784
RD0140,58.756354,-1.243646,1,2.945271,72.055596
RD0141,68.573315,8.573315,0,2.836268,72.830206
RD0142,71.627309,11.627309,0,3.051366,71.039207
RD0143,58.345785,-1.654215,1,3.351067,70.460791
RD0144,52.582953,-7.417047,1,2.354019,74.113374
RD0145,60.23634,0.23634,0,2.550055,65.568527
RD0146,68.734285,8.734285,0,3.152619,70.610441
RD0147,40.000001,-19.999999,1,1.898345,73.204789
RD0148,59.896028,-0.103972,1,2.157707,73.821394
RD0149,67.388521,7.388521,0,2.92604,66.036298
RD0150,76.699486,16.699486,0,2.762235,81.539721
RD0151,69.748189,9.748189,0,2.36481,76.191286
RD0152,51.792537,-8.207463,1,2.469851,69.928027
RD0153,79.999999,19.999999,0,3.076945,77.80836
RD0154,60.111177,0.111177,0,3.00371,66.840908
RD0155,55.835262,-4.164738,1,2.739466,61.14246
RD0156,61.36472,1.36472,0,2.630972,77.871138
RD0157,78.274136,18.274136,0,2.78111,77.271188
RD0158,65.645442,5.645442,0,2.774225,69.240111
RD0159,69.858481,9.858481,0,3.574784,67.797988
RD0160,62.162729,2.162729,0,2.700247,68.117689
RD0161,55.116236,-4.883764,1,2.546834,77.580772
RD0162,65.013519,5.013519,0,2.861497,72.012764
RD0163,54.166811,-5.833189,1,2.226156,63.114621
RD0164,58.523779,-1.476221,1,2.881648,71.810646
RD0165,66.866167,6.866167,0,2.87988,70.493573
RD0166,54.578062,-5.421938,1,2.107348,66.375807
RD0167,48.105213,-11.894787,1,2.006723,64.887307
RD0168,51.487618,-8.512382,1,2.373312,62.09236
RD0169,75.400625,15.400625,0,3.159442,72.661366
RD0170,57.230998,-2.769002,1,2.739818,63.613911
RD0171,50.017749,-9.982251,1,2.343877,64.417052
RD0172,62.77034,2.77034,0,2.926957,64.640564
RD0173,53.493566,-6.506434,1,2.895031,67.645684
RD0174,54.73073,-5.26927,1,2.611943,65.259628
RD0175,57.627762,-2.372238,1,3.207197,66.738914
RD0176,57.446904,-2.553096,1,1.599281,69.102787
RD0177,67.850058,7.850058,0,2.959495,70.815629
RD0178,61.822202,1.822202,0,2.769432,59.372984
RD0179,40.89355,-19.10645,1,2.093332,61.213168
RD0180,73.663368,13.663368,0,2.935583,83.499533
RD0181,56.847148,-3.152852,1,2.917272,68.979982
RD0182,57.190169,-2.809831,1,2.95946,67.715007
RD0183,52.559735,-7.440265,1,2.367859,60.164873
RD0184,62.199705,2.199705,0,2.660468,61.585778
RD0185,49.107381,-10.892619,1,2.644192,64.148292
RD0186,65.48884,5.48884,0,3.02223,68.336327
RD0187,61.390304,1.390304,0,2.977494,71.745696
RD0188,61.913866,1.913866,0,2.769605,62.531425
RD0189,64.579317,4.579317,0,3.133697,71.802393
RD0190,61.470887,1.470887,0,3.07817,65.865399
RD0191,55.588738,-4.411262,1,2.694069,69.60872
RD0192,58.779103,-1.220897,1,3.10347,72.450376
RD0193,53.48291,-6.51709,1,2.355935,74.159139
RD0194,63.416716,3.416716,0,2.839754,68.031934
RD0195,62.144433,2.144433,0,3.132731,66.496725
RD0196,65.725248,5.725248,0,3.184336,73.852887
RD0197,65.087201,5.087201,0,3.361221,73.906661
RD0198,77.91091,17.91091,0,3.025561,79.86766
RD0199,67.381438,7.381438,0,3.293263,67.6062
RD0200,65.554069,5.554069,0,2.965845,75.052342
RD0201,64.272276,4.272276,0,3.240141,70.079412
RD0202,69.70097,9.70097,0,3.479451,75.020581
RD0203,59.48765,-0.51235,1,2.411407,66.990956
RD0204,64.967519,4.967519,0,2.648553,65.221177
RD0205,79.999999,19.999999,0,3.900877,78.012724
RD0206,55.601382,-4.398618,1,2.780904,68.505318
RD0207,57.648959,-2.351041,1,3.10634,76.289792
RD0208,54.982655,-5.017345,1,2.31574,65.941964
RD0209,59.192993,-0.807007,1,3.274527,67.829203
RD0210,68.430304,8.430304,0,2.922861,78.280898
RD0211,73.424268,13.424268,0,3.666382,78.196919
RD0212,49.599571,-10.400429,1,2.858143,76.442223
RD0213,47.621782,-12.378218,1,3.10363,74.758423
RD0214,49.71184,-10.28816,1,2.639469,63.702824
RD0215,54.120013,-5.879987,1,2.957118,63.215768
RD0216,64.641972,4.641972,0,2.499309,66.612415
RD0217,41.980031,-18.019969,1,2.413438,62.613563
RD0218,53.903851,-6.096149,1,2.660647,66.199904
RD0219,61.984277,1.984277,0,2.18267,62.066696
RD0220,72.848942,12.848942,0,2.852468,74.958411
RD0221,48.420937,-11.579063,1,2.794784,71.644402
RD0222,70.845474,10.845474,0,3.092408,72.127979
RD0223,63.707385,3.707385,0,2.666782,65.878766
RD0224,64.358565,4.358565,0,2.592752,74.701308
RD0225,56.841207,-3.158793,1,2.065063,59.787485
RD0226,59.414537,-0.585463,1,2.967098,69.135317
RD0227,51.547196,-8.452804,1,2.326868,65.286289
RD0228,65.353475,5.353475,0,3.12511,68.973816
RD0229,69.513786,9.513786,0,2.952537,59.290744
RD0230,61.602618,1.602618,0,2.795283,62.709758
RD0231,67.332011,7.332011,0,3.25477,75.445466
RD0232,47.956342,-12.043658,1,2.727634,70.698825
RD0233,53.202232,-6.797768,1,3.231828,63.28244
RD0234,59.531678,-0.468322,1,2.635587,56.943257
RD0235,65.219328,5.219328,0,2.92163,74.267076
RD0236,49.441365,-10.558635,1,2.677295,61.333678
RD0237,51.496442,-8.503558,1,2.628538,61.312182
RD0238,64.746111,4.746111,0,2.771353,59.884556
RD0239,51.806943,-8.193057,1,2.665425,65.903435
RD0240,66.417673,6.417673,0,3.059605,71.238237
RD0241,60.697029,0.697029,0,3.267238,64.221015
RD0242,69.205675,9.205675,0,3.315667,69.99326
RD0243,64.322283,4.322283,0,2.858892,71.733526
RD0244,43.241909,-16.758091,1,2.100647,67.396091
RD0245,64.778696,4.778696,0,2.986436,71.828098
RD0246,68.06168,8.06168,0,2.259259,70.928384
RD0247,52.08524,-7.91476,1,2.557643,65.413831
RD0248,61.923952,1.923952,0,2.594223,71.294291
RD0249,57.547251,-2.452749,1,3.076014,69.852708
RD0250,63.162634,3.162634,0,3.122307,73.241247
RD0251,53.117491,-6.882509,1,2.645518,60.811498
RD0252,70.586697,10.586697,0,3.345136,68.805777
RD0253,63.078999,3.078999,0,2.926354,73.996562
RD0254,56.591286,-3.408714,1,2.353759,69.833822
RD0255,56.720929,-3.279071,1,3.079478,61.947258
RD0256,40.651657,-19.348343,1,1.760909,67.493317
RD0257,56.372736,-3.627264,1,3.167869,67.542567
RD0258,74.467927,14.467927,0,3.286128,68.643372
RD0259,59.856755,-0.143245,1,2.503162,73.999938
RD0260,73.83021,13.83021,0,3.025645,78.870987
RD0261,64.198625,4.198625,0,2.920126,67.676812
RD0262,59.394321,-0.605679,1,2.685788,63.225349
RD0263,57.376943,-2.623057,1,2.136009,68.504619
RD0264,56.781402,-3.218598,1,2.673745,67.206303
RD0265,56.25313,-3.74687,1,3.344419,70.574287
RD0266,66.500893,6.500893,0,3.057691,67.545753
RD0267,53.056636,-6.943364,1,2.580664,75.01499
RD0268,64.758158,4.758158,0,2.686142,72.148655
RD0269,49.571424,-10.428576,1,2.258069,61.067436
RD0270,59.356863,-0.643137,1,3.102691,78.060555
RD0271,67.175896,7.175896,0,3.281061,67.018469
RD0272,58.241054,-1.758946,1,2.747945,68.594029
RD0273,53.669662,-6.330338,1,2.578511,66.746759
RD0274,58.469292,-1.530708,1,2.621798,71.786854
RD0275,73.076651,13.076651,0,3.490532,78.966448
RD0276,55.181658,-4.818342,1,2.051104,66.898269
RD0277,70.116041,10.116041,0,2.510024,64.742467
RD0278,52.529876,-7.470124,1,2.904813,79.245786
RD0279,65.655874,5.655874,0,3.066082,72.401599
RD0280,73.17769,13.17769,0,3.076431,76.492334
RD0281,56.763576,-3.236424,1,2.845742,67.293517
RD0282,59.026621,-0.973379,1,2.902539,70.433388
RD0283,40.000001,-19.999999,1,2.09344,77.891589
RD0284,54.627078,-5.372922,1,2.744041,64.744206
RD0285,57.547439,-2.452561,1,2.36477,69.452427
RD0286,60.511153,0.511153,0,2.307346,72.667312
RD0287,57.131023,-2.868977,1,2.608542,62.120587
RD0288,70.545831,10.545831,0,2.909885,74.011407
RD0289,40.571441,-19.428559,1,2.064791,59.921535
RD0290,54.533013,-5.466987,1,2.948348,69.626586
RD0291,46.898851,-13.101149,1,2.391053,69.208626
RD0292,77.504975,17.504975,0,3.416452,87.41518
RD0293,54.292164,-5.707836,1,2.815459,68.519436
RD0294,61.103963,1.103963,0,2.918159,70.724857
RD0295,69.183313,9.183313,0,3.9305,72.681153
RD0296,70.592295,10.592295,0,3.353146,77.760894
RD0297,65.011687,5.011687,0,2.822545,61.639304
RD0298,70.756785,10.756785,0,2.895136,69.061709
RD0299,44.11722,-15.88278,1,2.594525,70.819347
RD0300,61.555611,1.555611,0,3.058033,66.216757
RD0301,69.722461,9.722461,0,2.58369,67.243169
RD0302,40.000001,-19.999999,1,2.103881,62.90277
RD0303,64.751857,4.751857,0,3.193276,70.886565
RD0304,50.672438,-9.327562,1,2.880195,70.183421
RD0305,65.930328,5.930328,0,3.946566,62.822085
RD0306,62.345893,2.345893,0,2.974395,61.46131
RD0307,45.455583,-14.544417,1,2.883218,62.21779
RD0308,42.077922,-17.922078,1,1.923331,66.238321
RD0309,59.980435,-0.019565,1,2.774252,65.444556
RD0310,55.277057,-4.722943,1,3.037769,71.79574
RD0311,66.664517,6.664517,0,3.101231,79.415356
RD0312,48.342976,-11.657024,1,2.133361,75.104973
RD0313,43.148374,-16.851626,1,2.474337,63.158967
RD0314,68.127022,8.127022,0,2.355843,63.110137
RD0315,67.12994,7.12994,0,2.992424,68.30629
RD0316,59.712421,-0.287579,1,2.768551,81.14797
RD0317,55.603806,-4.396194,1,2.711355,72.284993
RD0318,59.573953,-0.426047,1,2.714462,78.684033
RD0319,68.783515,8.783515,0,3.28261,71.828508
RD0320,57.768292,-2.231708,1,3.065426,72.326468
RD0321,66.986026,6.986026,0,3.010339,78.510111
RD0322,79.292734,19.292734,0,3.182864,81.204393
RD0323,51.150432,-8.849568,1,2.547677,75.449765
RD0324,72.970662,12.970662,0,2.884255,73.80341
RD0325,61.151621,1.151621,0,2.387804,61.480336
RD0326,40.000001,-19.999999,1,2.008453,65.19675
RD0327,58.403488,-1.596512,1,2.536394,65.798327
RD0328,68.040839,8.040839,0,2.568453,75.401113
RD0329,52.669458,-7.330542,1,2.636382,70.568983
RD0330,66.767762,6.767762,0,2.609075,68.914484
RD0331,71.532018,11.532018,0,2.711291,69.580049
RD0332,40.000001,-19.999999,1,1.853817,63.272521
RD0333,49.128166,-10.871834,1,2.5427,65.406625
RD0334,48.644646,-11.355354,1,2.233534,67.895151
RD0335,60.891147,0.891147,0,2.78655,63.35101
RD0336,68.499983,8.499983,0,3.115595,63.844161
RD0337,67.808067,7.808067,0,3.036249,67.062168
RD0338,57.567666,-2.432334,1,2.479834,76.965996
RD0339,64.428517,4.428517,0,2.56094,67.600469
RD0340,54.050644,-5.949356,1,2.880128,65.171853
RD0341,61.487502,1.487502,0,2.786522,56.507046
RD0342,53.375872,-6.624128,1,2.693925,67.360263
RD0343,40.000001,-19.999999,1,2.557145,68.899713
RD0344,63.466739,3.466739,0,2.469332,62.57229
RD0345,70.488898,10.488898,0,3.399833,68.131428
RD0346,46.598052,-13.401948,1,2.330221,62.135793
RD0347,65.664317,5.664317,0,3.158898,76.432846
RD0348,65.231101,5.231101,0,2.595008,68.620665
RD0349,51.947496,-8.052504,1,2.64415,70.436527
RD0350,63.382318,3.382318,0,2.794739,75.321468
RD0351,54.830204,-5.169796,1,2.16124,67.04308
RD0352,41.476365,-18.523635,1,2.222837,77.713162
RD0353,63.211857,3.211857,0,3.019593,68.832812
RD0354,56.822594,-3.177406,1,2.780117,68.893729
RD0355,57.611701,-2.388299,1,3.035232,74.254508
RD0356,61.542621,1.542621,0,2.812143,72.740663
RD0357,44.421763,-15.578237,1,2.679302,66.715529
RD0358,41.133099,-18.866901,1,1.89022,59.983799
RD0359,47.878605,-12.121395,1,2.471038,66.975048
RD0360,44.965939,-15.034061,1,2.564588,69.164804
RD0361,66.67753,6.67753,0,2.943145,74.002227
RD0362,73.440221,13.440221,0,3.646803,83.530274
RD0363,58.943257,-1.056743,1,2.767185,72.312547
RD0364,65.322911,5.322911,0,2.550982,75.87766
RD0365,64.382721,4.382721,0,2.7367,69.028681
RD0366,57.689915,-2.310085,1,3.426886,64.268158
RD0367,58.689456,-1.310544,1,3.736029,75.218578
RD0368,61.668389,1.668389,0,2.666682,71.444917
RD0369,62.134361,2.134361,0,2.276967,65.522201
RD0370,58.566674,-1.433326,1,2.387538,67.578622
RD0371,63.765225,3.765225,0,2.731075,63.43067
RD0372,40.000001,-19.999999,1,2.223278,72.037467
RD0373,73.87233,13.87233,0,2.902974,69.969208
RD0374,65.657943,5.657943,0,3.018898,76.161806
RD0375,52.358956,-7.641044,1,2.683901,68.842785
RD0376,47.723047,-12.276953,1,2.728085,73.878172
RD0377,62.371587,2.371587,0,2.269998,62.169549
RD0378,67.156015,7.156015,0,2.452903,70.680816
RD0379,60.61071,0.61071,0,2.904183,68.101805
RD0380,55.247792,-4.752208,1,2.325192,55.599083
RD0381,48.33713,-11.66287,1,2.535192,58.582613
RD0382,74.53756,14.53756,0,3.003075,81.480291
RD0383,47.606582,-12.393418,1,2.506883,67.478723
RD0384,71.291295,11.291295,0,3.063841,69.538283
RD0385,75.949035,15.949035,0,3.626486,83.097122
RD0386,56.1409,-3.8591,1,2.352237,73.426448
RD0387,70.54233,10.54233,0,3.167438,74.560937
RD0388,70.083995,10.083995,0,3.332778,78.438582
RD0389,78.86179,18.86179,0,2.882133,80.295051
RD0390,40.000001,-19.999999,1,2.207259,75.571963
RD0391,62.234103,2.234103,0,3.069912,68.229339
RD0392,55.225114,-4.774886,1,2.742431,74.375482
RD0393,45.657309,-14.342691,1,1.702193,66.975884
RD0394,60.560088,0.560088,0,3.025317,66.417079
RD0395,62.656681,2.656681,0,2.749018,73.05444
RD0396,63.333246,3.333246,0,2.668458,61.740507
RD0397,74.256144,14.256144,0,3.454061,76.887895
RD0398,65.259513,5.259513,0,3.220061,71.832746
RD0399,72.315502,12.315502,0,3.30142,75.386018
RD0400,65.034566,5.034566,0,2.359673,69.110266
RD0401,54.266599,-5.733401,1,2.853695,71.553393
RD0402,72.450456,12.450456,0,3.008419,75.106814
RD0403,66.625986,6.625986,0,2.886169,68.898112
RD0404,57.289251,-2.710749,1,3.035819,72.947481
RD0405,64.464773,4.464773,0,2.450076,62.13427
RD0406,63.861821,3.861821,0,2.939483,72.38073
RD0407,70.801744,10.801744,0,2.971184,71.886382
RD0408,65.101908,5.101908,0,2.860598,72.561038
RD0409,67.489325,7.489325,0,3.037904,69.409416
RD0410,49.26137,-10.73863,1,2.381678,62.024254
RD0411,64.446458,4.446458,0,3.165704,74.933251
RD0412,61.597066,1.597066,0,2.857122,66.88467
RD0413,60.826271,0.826271,0,2.897257,67.481278
RD0414,43.722419,-16.277581,1,1.961816,71.709967
RD0415,70.281881,10.281881,0,3.437868,78.026924
RD0416,54.520057,-5.479943,1,2.442768,82.040033
RD0417,51.656954,-8.343046,1,2.134514,68.989411
RD0418,52.598581,-7.401419,1,3.026908,60.587236
RD0419,74.448788,14.448788,0,3.414046,76.866453
RD0420,56.313846,-3.686154,1,2.989431,73.239816
RD0421,70.383505,10.383505,0,3.161217,71.537185
RD0422,68.961872,8.961872,0,3.063051,65.841479
RD0423,55.565143,-4.434857,1,2.439267,72.373293
RD0424,56.530912,-3.469088,1,2.74985,79.353847
RD0425,78.881012,18.881012,0,3.366668,72.535751
RD0426,54.080719,-5.919281,1,3.212215,63.356502
RD0427,57.458698,-2.541302,1,2.607444,64.521448
RD0428,67.254685,7.254685,0,2.963026,77.656992
RD0429,48.702943,-11.297057,1,2.454486,57.369731
RD0430,67.018276,7.018276,0,2.850134,70.150434
RD0431,58.40527,-1.59473,1,2.302816,73.598591
RD0432,63.884404,3.884404,0,2.748367,77.21118
RD0433,59.39669,-0.60331,1,3.49217,75.740292
RD0434,64.271976,4.271976,0,2.761112,65.833737
RD0435,62.243605,2.243605,0,2.944112,71.381497
RD0436,50.965668,-9.034332,1,2.180715,68.039265
RD0437,63.146996,3.146996,0,3.009628,61.22384
RD0438,74.852198,14.852198,0,3.278061,73.762977
RD0439,79.999999,19.999999,0,3.093066,81.052686
RD0440,50.687607,-9.312393,1,2.208015,61.804378
RD0441,57.621288,-2.378712,1,2.266572,58.396348
RD0442,55.895854,-4.104146,1,2.651696,68.635021
RD0443,43.348932,-16.651068,1,2.348929,75.943261
RD0444,42.619257,-17.380743,1,2.226503,71.370614
RD0445,65.501082,5.501082,0,3.014634,72.978369
RD0446,79.999999,19.999999,0,3.14456,77.477998
RD0447,66.976267,6.976267,0,2.729028,73.005518
RD0448,57.324038,-2.675962,1,2.259756,63.228719
RD0449,53.961137,-6.038863,1,2.58798,66.75273
RD0450,68.374765,8.374765,0,2.326533,71.367791
RD0451,44.350927,-15.649073,1,1.980844,68.856169
RD0452,59.172623,-0.827377,1,2.445932,76.579868
RD0453,64.76612,4.76612,0,3.21113,74.805394
RD0454,56.315086,-3.684914,1,2.604071,69.322069
RD0455,74.201918,14.201918,0,3.836437,75.45919
RD0456,55.885481,-4.114519,1,2.22953,66.965696
RD0457,66.789597,6.789597,0,2.944802,63.84004
RD0458,52.146621,-7.853379,1,2.212082,65.172887
RD0459,62.69187,2.69187,0,3.035537,68.673985
RD0460,76.775285,16.775285,0,3.132516,85.271083
RD0461,49.611664,-10.388336,1,2.143057,69.298651
RD0462,51.071364,-8.928636,1,3.10894,74.928686
RD0463,53.876166,-6.123834,1,3.043619,57.334059
RD0464,58.946285,-1.053715,1,2.321113,81.822332
RD0465,74.604942,14.604942,0,3.208474,71.530227
RD0466,64.104861,4.104861,0,3.160197,70.235202
RD0467,64.458159,4.458159,0,3.044529,64.998313
RD0468,55.835471,-4.164529,1,2.71282,72.687769
RD0469,45.050549,-14.949451,1,2.034587,74.041218
RD0470,55.448179,-4.551821,1,2.514595,69.909986
RD0471,52.103036,-7.896964,1,2.556753,69.416231
RD0472,71.090234,11.090234,0,3.521517,75.335437
RD0473,66.688791,6.688791,0,3.137402,65.055242
RD0474,64.562711,4.562711,0,2.14166,63.866864
RD0475,45.734277,-14.265723,1,2.634694,69.155053
RD0476,55.862155,-4.137845,1,2.468226,76.049697
RD0477,66.989593,6.989593,0,2.988956,63.656959
RD0478,70.736681,10.736681,0,3.790613,75.851231
RD0479,55.397964,-4.602036,1,2.62911,70.19944
RD0480,71.85301,11.85301,0,3.036282,67.970132
RD0481,76.277044,16.277044,0,3.389032,78.313592
RD0482,45.299393,-14.700607,1,2.900948,67.274221
RD0483,66.969412,6.969412,0,2.612532,71.360378
RD0484,54.630376,-5.369624,1,2.741345,62.807086
RD0485,62.294886,2.294886,0,2.754911,65.045147
RD0486,54.500446,-5.499554,1,2.441521,73.923651
RD0487,63.855264,3.855264,0,2.8155,72.790556
RD0488,56.64647,-3.35353,1,2.686718,83.675156
RD0489,51.515468,-8.484532,1,2.342758,69.781998
RD0490,57.888228,-2.111772,1,3.449387,74.101749
RD0491,49.806737,-10.193263,1,3.096236,58.821379
RD0492,63.521478,3.521478,0,2.589033,68.56754
RD0493,77.4869,17.4869,0,3.394134,80.535932
RD0494,41.440877,-18.559123,1,2.427119,62.390609
RD0495,58.405287,-1.594713,1,2.5631,71.408103
RD0496,57.988768,-2.011232,1,2.842724,64.380713
RD0497,49.532039,-10.467961,1,2.562754,63.98295
RD0498,54.963302,-5.036698,1,2.699553,76.736791
RD0499,40.000001,-19.999999,1,2.646547,68.518849
RD0500,69.598631,9.598631,0,2.754196,66.476092
RD0501,55.985852,-4.014148,1,2.595137,64.219709
RD0502,67.510705,7.510705,0,3.625457,62.245098
RD0503,41.992198,-18.007802,1,2.340201,76.159648
RD0504,65.876333,5.876333,0,3.328755,72.382496
RD0505,56.735286,-3.264714,1,2.15218,75.178107
RD0506,51.978213,-8.021787,1,2.317907,66.374912
RD0507,55.409852,-4.590148,1,3.0581,77.395741
RD0508,62.601405,2.601405,0,2.578889,65.836875
RD0509,65.72094,5.72094,0,3.493162,79.268878
RD0510,74.589497,14.589497,0,3.627351,76.067426
RD0511,59.945193,-0.054807,1,3.004138,69.482015
RD0512,65.298467,5.298467,0,2.92509,60.91408
RD0513,52.109671,-7.890329,1,2.529519,68.868718
RD0514,55.650015,-4.349985,1,1.970516,61.432611
RD0515,74.600358,14.600358,0,2.926336,75.049327
RD0516,48.849404,-11.150596,1,2.432644,71.475113
RD0517,58.298096,-1.701904,1,2.819486,74.664949
RD0518,59.852352,-0.147648,1,2.852331,63.415268
RD0519,70.510123,10.510123,0,3.036781,80.147403
RD0520,57.346535,-2.653465,1,2.879309,75.289542
RD0521,68.491854,8.491854,0,3.254362,65.12513
RD0522,70.710758,10.710758,0,2.799176,62.554251
RD0523,67.214186,7.214186,0,2.932244,70.352336
RD0524,69.631785,9.631785,0,3.118307,66.667001
RD0525,56.25124,-3.74876,1,2.693536,64.689728
RD0526,56.05027,-3.94973,1,2.540655,69.504356
RD0527,56.587483,-3.412517,1,2.982298,74.557988
RD0528,63.746901,3.746901,0,3.300012,64.116841
RD0529,47.254476,-12.745524,1,2.110697,63.490243
RD0530,65.029418,5.029418,0,3.410727,78.115451
RD0531,61.933429,1.933429,0,2.106444,58.165547
RD0532,60.373904,0.373904,0,2.575293,65.885431
RD0533,60.819874,0.819874,0,3.077274,64.868477
RD0534,53.863131,-6.136869,1,2.832252,65.631383
RD0535,56.536692,-3.463308,1,2.620653,69.521331
RD0536,66.109241,6.109241,0,2.814128,68.327658
RD0537,47.483223,-12.516777,1,2.285067,79.007676
RD0538,63.63168,3.63168,0,3.145282,69.976576
RD0539,67.623177,7.623177,0,2.962546,63.921588
RD0540,51.855915,-8.144085,1,2.352136,71.511902
RD0541,46.319812,-13.680188,1,1.999382,75.586867
RD0542,72.730129,12.730129,0,2.59675,68.623605
RD0543,69.627969,9.627969,0,2.304207,58.856767
RD0544,69.670125,9.670125,0,2.972288,72.516663
RD0545,56.107559,-3.892441,1,2.169717,57.360509
RD0546,48.410651,-11.589349,1,2.030951,59.115568
RD0547,60.888001,0.888001,0,2.598919,60.549139
RD0548,64.069575,4.069575,0,2.738297,62.009798
RD0549,48.052652,-11.947348,1,2.500118,63.527884
RD0550,48.806177,-11.193823,1,2.564191,62.545322
RD0551,52.941218,-7.058782,1,2.494074,61.357972
RD0552,55.313548,-4.686452,1,2.711135,66.540948
RD0553,68.549171,8.549171,0,3.243365,71.329764
RD0554,52.29217,-7.70783,1,2.448239,73.658126
RD0555,50.00068,-9.99932,1,2.324381,71.401228
RD0556,73.64115,13.64115,0,3.165629,72.598198
RD0557,79.52227,19.52227,0,3.226737,84.469311
RD0558,58.770543,-1.229457,1,2.63113,68.064926
RD0559,44.808631,-15.191369,1,2.382682,66.870698
RD0560,57.646439,-2.353561,1,3.139898,70.553756
RD0561,57.282465,-2.717535,1,3.09074,78.784139
RD0562,48.008453,-11.991547,1,2.03588,64.020915
RD0563,65.422895,5.422895,0,3.703727,75.920646
RD0564,52.144802,-7.855198,1,2.815702,61.806777
RD0565,59.573676,-0.426324,1,2.328627,69.403477
RD0566,62.331792,2.331792,0,3.104994,68.661427
RD0567,74.783022,14.783022,0,2.758618,73.782068
RD0568,51.691229,-8.308771,1,2.584318,70.787092
RD0569,61.941279,1.941279,0,3.105298,69.031715
RD0570,63.630836,3.630836,0,2.988862,74.636782
RD0571,51.437958,-8.562042,1,1.970833,60.824931
RD0572,65.46785,5.46785,0,3.332888,72.691987
RD0573,61.87256,1.87256,0,2.570678,73.67243
RD0574,58.479018,-1.520982,1,2.634133,67.102177
RD0575,50.149356,-9.850644,1,2.668152,73.823051
RD0576,63.836073,3.836073,0,2.529918,65.578051
RD0577,53.052434,-6.947566,1,2.747726,68.103166
RD0578,65.214002,5.214002,0,2.891997,67.490435
RD0579,65.098523,5.098523,0,2.768827,66.166832
RD0580,60.25403,0.25403,0,2.119875,63.483535
RD0581,70.406254,10.406254,0,2.929725,64.75378
RD0582,55.692977,-4.307023,1,2.733167,67.855635
RD0583,46.955038,-13.044962,1,2.724271,69.400768
RD0584,46.552154,-13.447846,1,2.443822,68.67833
RD0585,66.667352,6.667352,0,3.116197,71.695089
RD0586,69.463532,9.463532,0,3.633203,76.689257
RD0587,55.422617,-4.577383,1,2.668159,72.341265
RD0588,64.261902,4.261902,0,2.840641,71.691004
RD0589,46.984583,-13.015417,1,2.661871,68.322405
RD0590,47.107705,-12.892295,1,2.329793,75.30466
RD0591,64.417826,4.417826,0,2.855134,63.452696
RD0592,49.035647,-10.964353,1,2.404137,72.673754
RD0593,70.185172,10.185172,0,3.292825,76.512759
RD0594,50.158393,-9.841607,1,2.791421,70.03568
RD0595,79.999999,19.999999,0,3.024965,78.852766
RD0596,66.900529,6.900529,0,2.999988,69.748188
RD0597,74.388384,14.388384,0,2.719669,75.954885
RD0598,58.354576,-1.645424,1,2.348894,63.515802
RD0599,69.677726,9.677726,0,3.048541,69.986405
RD0600,69.581424,9.581424,0,2.812293,68.471616
RD0601,60.799978,0.799978,0,2.564194,68.452045
RD0602,71.158032,11.158032,0,3.427406,74.681084
RD0603,72.59487,12.59487,0,3.195219,78.652161
RD0604,57.779902,-2.220098,1,2.968282,75.271157
RD0605,55.795925,-4.204075,1,2.408437,74.129138
RD0606,68.736556,8.736556,0,3.358243,75.04056
RD0607,79.999999,19.999999,0,3.301817,71.629362
RD0608,79.999999,19.999999,0,2.840078,79.858765
RD0609,63.021956,3.021956,0,3.175842,64.587512
RD0610,63.379917,3.379917,0,3.484477,67.911788
RD0611,49.848293,-10.151707,1,2.620356,64.764968
RD0612,65.279597,5.279597,0,2.803268,64.298192
RD0613,68.464561,8.464561,0,3.271866,63.923644
RD0614,46.662453,-13.337547,1,2.217394,71.712338
RD0615,62.662794,2.662794,0,2.695057,72.949908
RD0616,63.251462,3.251462,0,2.829657,67.063209
RD0617,45.615831,-14.384169,1,2.320406,74.478663
RD0618,54.278876,-5.721124,1,2.994003,66.847102
RD0619,58.2461,-1.7539,1,2.305101,67.372299
RD0620,69.048187,9.048187,0,2.8025,67.465523
RD0621,67.886162,7.886162,0,2.891553,74.208899
RD0622,59.979079,-0.020921,1,3.401469,68.965756
RD0623,68.420383,8.420383,0,3.143914,78.787966
RD0624,55.176537,-4.823463,1,2.985876,64.932329
RD0625,56.604204,-3.395796,1,2.740928,62.160326
RD0626,55.335763,-4.664237,1,2.494855,67.557682
RD0627,57.728621,-2.271379,1,2.717021,64.074365
RD0628,60.95323,0.95323,0,3.042521,73.536137
RD0629,57.838865,-2.161135,1,3.020627,70.950162
RD0630,46.792723,-13.207277,1,2.685566,63.353241
RD0631,61.873339,1.873339,0,3.469579,70.630823
RD0632,59.167454,-0.832546,1,2.658887,59.573325
RD0633,54.376807,-5.623193,1,2.319579,70.113133
RD0634,50.177518,-9.822482,1,2.395733,68.880044
RD0635,44.757466,-15.242534,1,2.910787,70.291056
RD0636,52.975777,-7.024223,1,3.376405,63.26228
RD0637,62.332371,2.332371,0,2.209286,69.00016
RD0638,53.370802,-6.629198,1,2.361153,73.577939
RD0639,66.472674,6.472674,0,2.710586,78.155611
RD0640,40.000001,-19.999999,1,1.541026,69.821597
RD0641,79.999999,19.999999,0,3.8074,72.467869
RD0642,63.516036,3.516036,0,2.324558,66.912749
RD0643,40.000001,-19.999999,1,2.286123,70.693093
RD0644,61.367135,1.367135,0,3.056659,69.050652
RD0645,73.949478,13.949478,0,3.529253,78.169505
RD0646,56.701412,-3.298588,1,2.855222,69.276528
RD0647,55.866851,-4.133149,1,2.646318,67.655301
RD0648,57.867147,-2.132853,1,2.744371,66.302794
RD0649,65.584615,5.584615,0,2.63833,75.875856
RD0650,55.71812,-4.28188,1,2.778863,67.63789
RD0651,40.14638,-19.85362,1,2.396229,69.98776
RD0652,61.885192,1.885192,0,2.829869,63.897485
RD0653,54.884503,-5.115497,1,2.633591,69.795954
RD0654,53.93553,-6.06447,1,2.543887,71.130756
RD0655,65.010865,5.010865,0,3.10497,71.509804
RD0656,64.75991,4.75991,0,2.938276,64.976025
RD0657,63.069298,3.069298,0,3.238394,62.416117
RD0658,71.82775,11.82775,0,3.47983,66.876812
RD0659,45.193699,-14.806301,1,2.131582,67.827827
RD0660,71.566358,11.566358,0,3.464,78.935123
RD0661,58.076306,-1.923694,1,2.139204,65.22031
RD0662,62.537889,2.537889,0,2.684789,71.655527
RD0663,60.977904,0.977904,0,2.584653,64.709713
RD0664,49.108553,-10.891447,1,1.352707,72.592682
RD0665,59.92552,-0.07448,1,2.796475,73.547058
RD0666,79.029636,19.029636,0,3.595406,88.86828
RD0667,51.655041,-8.344959,1,2.405115,65.993977
RD0668,60.403609,0.403609,0,2.682439,61.458163
RD0669,70.770677,10.770677,0,3.631974,76.857134
RD0670,73.422299,13.422299,0,2.870767,73.347131
RD0671,66.934284,6.934284,0,3.220674,68.702084
RD0672,53.147829,-6.852171,1,2.828141,71.595384
RD0673,66.774553,6.774553,0,2.820833,77.912848
RD0674,63.774769,3.774769,0,3.18402,61.595916
RD0675,51.324059,-8.675941,1,2.568361,59.953561
RD0676,61.118342,1.118342,0,2.340674,61.147697
RD0677,57.632042,-2.367958,1,2.117146,63.282688
RD0678,68.123121,8.123121,0,2.951266,76.945598
RD0679,55.999175,-4.000825,1,3.024854,76.686
RD0680,57.788954,-2.211046,1,2.737223,72.180419
RD0681,68.3714,8.3714,0,2.653136,74.781814
RD0682,79.320956,19.320956,0,3.533069,83.455236
RD0683,55.171598,-4.828402,1,2.502217,61.208536
RD0684,49.728151,-10.271849,1,2.903622,61.349791
RD0685,76.399339,16.399339,0,3.003432,69.85733
RD0686,61.8591,1.8591,0,2.922324,76.031738
RD0687,78.222821,18.222821,0,2.794319,77.474358
RD0688,40.000001,-19.999999,1,2.604585,68.467799
RD0689,53.079481,-6.920519,1,3.027072,73.561141
RD0690,51.364397,-8.635603,1,2.146275,65.53937
RD0691,61.386155,1.386155,0,2.123651,54.15738
RD0692,48.433272,-11.566728,1,2.306146,65.450587
RD0693,79.999999,19.999999,0,3.664117,78.029421
RD0694,51.51949,-8.48051,1,1.806005,69.109508
RD0695,56.485984,-3.514016,1,2.607048,65.860113
RD0696,61.26953,1.26953,0,2.929663,67.585091
RD0697,55.83759,-4.16241,1,2.528695,73.27513
RD0698,66.077919,6.077919,0,2.325994,74.854822
RD0699,44.869597,-15.130403,1,2.362077,64.474979
RD0700,52.898333,-7.101667,1,2.561307,71.359339
RD0701,59.426561,-0.573439,1,2.913125,73.521055
RD0702,67.46611,7.46611,0,2.796481,72.00461
RD0703,61.947919,1.947919,0,2.883426,65.638586
RD0704,57.939739,-2.060261,1,3.073864,71.686292
RD0705,70.704583,10.704583,0,2.764583,70.323755
RD0706,51.650954,-8.349046,1,2.375407,66.405691
RD0707,55.301293,-4.698707,1,3.106951,67.028553
RD0708,49.94678,-10.05322,1,2.196401,71.536832
RD0709,49.576442,-10.423558,1,2.217364,66.962892
RD0710,40.000001,-19.999999,1,1.771641,68.765784
RD0711,74.890024,14.890024,0,3.641669,80.709022
RD0712,73.60763,13.60763,0,2.862992,75.381612
RD0713,63.69638,3.69638,0,2.486967,70.319966
RD0714,55.75327,-4.24673,1,2.809461,71.280951
RD0715,79.999999,19.999999,0,3.839796,82.676957
RD0716,41.111525,-18.888475,1,2.200004,64.622078
RD0717,42.690885,-17.309115,1,2.151232,66.20883
RD0718,62.517418,2.517418,0,2.116251,68.519599
RD0719,65.336323,5.336323,0,2.85433,67.237437
RD0720,54.664617,-5.335383,1,2.936359,72.684229
RD0721,68.919254,8.919254,0,2.830546,76.991554
RD0722,63.244804,3.244804,0,2.346998,81.027811
RD0723,53.886903,-6.113097,1,3.01334,74.518107
RD0724,64.403454,4.403454,0,2.628399,66.138914
RD0725,74.458915,14.458915,0,3.240739,76.634528
RD0726,77.345009,17.345009,0,3.489946,75.904579
RD0727,52.151656,-7.848344,1,2.164468,71.994318
RD0728,70.025435,10.025435,0,3.005276,82.54831
RD0729,79.485968,19.485968,0,3.112356,76.547933
RD0730,53.208863,-6.791137,1,3.095328,72.597978
RD0731,60.97272,0.97272,0,3.247315,72.280551
RD0732,69.212267,9.212267,0,3.029307,57.732049
RD0733,44.564309,-15.435691,1,2.587039,68.670116
RD0734,71.0893,11.0893,0,2.835051,70.180661
RD0735,54.687725,-5.312275,1,3.00162,66.752101
RD0736,40.000001,-19.999999,1,1.92155,65.07244
RD0737,60.928841,0.928841,0,2.435313,61.822802
RD0738,58.538265,-1.461735,1,2.219402,70.630244
RD0739,60.345745,0.345745,0,2.187082,59.867479
RD0740,63.261984,3.261984,0,2.873648,66.548058
RD0741,67.351798,7.351798,0,3.400306,79.233208
RD0742,59.994471,-0.005529,1,2.435465,75.937973
RD0743,52.037869,-7.962131,1,2.296835,66.315535
RD0744,57.831916,-2.168084,1,2.708169,74.866996
RD0745,66.162871,6.162871,0,3.036128,68.615765
RD0746,40.446233,-19.553767,1,2.281411,70.205651
RD0747,70.055277,10.055277,0,2.770685,71.298116
RD0748,56.889147,-3.110853,1,3.243595,81.420647
RD0749,66.037182,6.037182,0,3.08025,62.002172
RD0750,57.121276,-2.878724,1,2.865874,70.546617
RD0751,56.192895,-3.807105,1,2.710554,65.460005
RD0752,60.63087,0.63087,0,2.756013,74.378531
RD0753,51.270658,-8.729342,1,2.074008,67.818797
RD0754,62.770245,2.770245,0,2.934294,59.982639
RD0755,68.061583,8.061583,0,3.228049,69.510736
RD0756,53.088227,-6.911773,1,2.215668,70.635614
RD0757,40.000001,-19.999999,1,1.984228,67.050612
RD0758,65.166668,5.166668,0,2.576201,67.659192
RD0759,55.075751,-4.924249,1,2.555225,63.41223
RD0760,75.118298,15.118298,0,2.797218,74.839137
RD0761,48.905,-11.095,1,2.715653,71.691592
RD0762,62.406823,2.406823,0,2.451543,66.239226
RD0763,79.999999,19.999999,0,3.126005,74.328241
RD0764,73.326224,13.326224,0,3.254687,78.073431
RD0765,78.399558,18.399558,0,3.102579,76.845532
RD0766,47.789442,-12.210558,1,2.651493,68.394793
RD0767,60.885129,0.885129,0,2.317708,59.308795
RD0768,52.139747,-7.860253,1,2.814773,71.919966
RD0769,61.104011,1.104011,0,2.714693,69.491176
RD0770,67.22569,7.22569,0,2.924231,76.778983
RD0771,79.999999,19.999999,0,3.359353,79.506272
RD0772,54.930989,-5.069011,1,2.954421,67.462114
RD0773,61.399467,1.399467,0,2.401007,67.690707
RD0774,54.80174,-5.19826,1,2.632851,68.24298
RD0775,65.647404,5.647404,0,3.027191,59.47178
RD0776,70.035305,10.035305,0,2.958732,68.639201
RD0777,70.220347,10.220347,0,2.736886,69.303972
RD0778,65.344644,5.344644,0,2.667904,69.128082
RD0779,77.9057,17.9057,0,3.377675,82.501293
RD0780,57.164029,-2.835971,1,2.220939,69.588692
RD0781,61.424104,1.424104,0,3.27557,69.780749
RD0782,51.197412,-8.802588,1,3.186042,75.709146
RD0783,62.549329,2.549329,0,2.889368,65.977321
RD0784,47.754359,-12.245641,1,1.911526,60.783415
RD0785,75.393619,15.393619,0,2.795434,80.615537
RD0786,76.058573,16.058573,0,3.269782,71.201167
RD0787,55.850184,-4.149816,1,3.083529,65.434937
RD0788,57.077437,-2.922563,1,2.591775,65.60829
RD0789,56.521429,-3.478571,1,3.095502,70.01172
RD0790,58.650269,-1.349731,1,2.861278,74.798024
RD0791,42.143798,-17.856202,1,1.994663,62.42214
RD0792,64.630019,4.630019,0,3.098233,66.357919
RD0793,43.600187,-16.399813,1,2.210652,58.433034
RD0794,62.862733,2.862733,0,2.719053,69.042737
RD0795,45.587339,-14.412661,1,3.280521,62.211344
RD0796,54.012472,-5.987528,1,2.534104,65.564508
RD0797,70.257969,10.257969,0,2.986453,67.107201
RD0798,57.625721,-2.374279,1,2.914456,65.556456
RD0799,64.953466,4.953466,0,3.290046,79.38304
RD0800,58.211126,-1.788874,1,3.112637,72.270812
RD0801,66.512098,6.512098,0,2.180601,64.939667
RD0802,63.622643,3.622643,0,2.679437,65.600124
RD0803,68.839175,8.839175,0,2.535172,60.654525
RD0804,60.369628,0.369628,0,2.955912,68.95198
RD0805,61.104319,1.104319,0,2.633609,67.430261
RD0806,67.911914,7.911914,0,3.73589,78.978555
RD0807,54.151764,-5.848236,1,2.666536,74.353524
RD0808,46.222036,-13.777964,1,2.760786,66.469635
RD0809,60.100743,0.100743,0,2.56611,69.010171
RD0810,48.636254,-11.363746,1,2.530352,56.783865
RD0811,49.53652,-10.46348,1,2.403224,63.571945
RD0812,59.182742,-0.817258,1,3.07254,79.253334
RD0813,66.843802,6.843802,0,2.84098,71.501982
RD0814,40.000001,-19.999999,1,1.926245,69.014233
RD0815,75.449517,15.449517,0,3.161274,76.35769
RD0816,65.779906,5.779906,0,2.428851,62.127841
RD0817,55.412418,-4.587582,1,2.663482,67.453303
RD0818,61.341044,1.341044,0,2.212825,73.732237
RD0819,44.584431,-15.415569,1,2.034202,67.998006
RD0820,56.648498,-3.351502,1,3.150588,64.923788
RD0821,59.330055,-0.669945,1,2.797107,72.027625
RD0822,61.781579,1.781579,0,2.591872,75.288126
RD0823,63.431886,3.431886,0,3.474132,68.40311
RD0824,63.085383,3.085383,0,2.51174,68.305412
RD0825,70.19477,10.19477,0,2.670139,74.827236
RD0826,70.513894,10.513894,0,3.479248,75.883616
RD0827,50.814089,-9.185911,1,2.628566,76.164233
RD0828,44.084633,-15.915367,1,1.9967,61.635612
RD0829,71.218757,11.218757,0,2.73406,70.243894
RD0830,61.420545,1.420545,0,3.0673,76.760281
RD0831,65.481637,5.481637,0,2.937348,67.048573
RD0832,72.535287,12.535287,0,2.675361,61.859053
RD0833,52.37277,-7.62723,1,2.611336,70.378747
RD0834,63.82156,3.82156,0,2.768207,66.257386
RD0835,79.999999,19.999999,0,3.411358,72.031184
RD0836,52.941429,-7.058571,1,2.548004,70.417736
RD0837,62.839516,2.839516,0,2.640949,66.172799
RD0838,50.169186,-9.830814,1,2.733527,65.071398
RD0839,53.637281,-6.362719,1,2.620116,76.25773
RD0840,66.75908,6.75908,0,2.433781,63.755678
RD0841,70.074324,10.074324,0,3.00374,72.455378
RD0842,56.686586,-3.313414,1,2.548397,70.615684
RD0843,71.100635,11.100635,0,3.410498,68.414917
RD0844,43.538357,-16.461643,1,2.441403,71.184161
RD0845,69.227869,9.227869,0,2.723963,77.351314
RD0846,55.481815,-4.518185,1,2.836943,75.241903
RD0847,47.293611,-12.706389,1,1.504776,55.841454
RD0848,46.541454,-13.458546,1,2.46977,67.622475
RD0849,51.516448,-8.483552,1,2.544695,69.397032
RD0850,61.926345,1.926345,0,2.75338,74.326443
RD0851,55.767464,-4.232536,1,2.847005,67.85563
RD0852,50.351797,-9.648203,1,2.478041,66.862865
RD0853,56.401355,-3.598645,1,2.485628,64.188816
RD0854,53.896906,-6.103094,1,2.412264,77.142371
RD0855,67.170725,7.170725,0,2.976531,69.482196
RD0856,53.950655,-6.049345,1,2.509913,70.010534
RD0857,48.870127,-11.129873,1,1.621607,61.859171
RD0858,59.981261,-0.018739,1,2.598237,75.590196
RD0859,63.232994,3.232994,0,2.605125,66.717531
RD0860,50.042506,-9.957494,1,2.517163,69.329178
RD0861,60.96837,0.96837,0,2.584429,65.80115
RD0862,50.252297,-9.747703,1,2.480286,61.183094
RD0863,64.34762,4.34762,0,2.430223,72.848432
RD0864,62.8321,2.8321,0,2.866398,69.016584
RD0865,53.540849,-6.459151,1,2.378061,64.995592
RD0866,59.970367,-0.029633,1,3.037861,72.114199
RD0867,73.776595,13.776595,0,3.212632,77.399045
RD0868,53.584766,-6.415234,1,2.563832,69.367135
RD0869,61.436458,1.436458,0,2.729313,57.52666
RD0870,75.634868,15.634868,0,3.333072,81.607484
RD0871,69.361569,9.361569,0,2.609268,70.428142
RD0872,63.718618,3.718618,0,3.385415,70.292728
RD0873,63.669117,3.669117,0,2.953581,68.804417
RD0874,58.424485,-1.575515,1,2.334349,72.711693
RD0875,78.103057,18.103057,0,2.867417,81.092285
RD0876,54.11358,-5.88642,1,2.194993,55.095479
RD0877,52.541475,-7.458525,1,2.564009,72.984182
RD0878,52.463667,-7.536333,1,2.791576,68.914277
RD0879,40.165165,-19.834835,1,2.24663,73.388773
RD0880,56.283175,-3.716825,1,3.174779,78.761967
RD0881,67.065992,7.065992,0,2.9787,66.281203
RD0882,54.882041,-5.117959,1,3.072899,62.395491
RD0883,62.958568,2.958568,0,2.287924,65.205182
RD0884,49.759342,-10.240658,1,2.348442,73.987934
RD0885,58.950482,-1.049518,1,2.65281,81.157263
RD0886,66.484532,6.484532,0,2.931723,66.422032
RD0887,57.80538,-2.19462,1,3.02337,67.988438
RD0888,68.15417,8.15417,0,3.55154,63.329951
RD0889,53.441222,-6.558778,1,3.105786,77.797283
RD0890,63.675851,3.675851,0,3.164476,83.40352
RD0891,41.401497,-18.598503,1,2.066643,64.732448
RD0892,62.634583,2.634583,0,2.726269,70.95686
RD0893,55.572066,-4.427934,1,2.268095,56.252347
RD0894,71.167855,11.167855,0,3.348932,76.970478
RD0895,72.881232,12.881232,0,2.541148,79.262843
RD0896,42.367875,-17.632125,1,2.431318,72.678346
RD0897,40.000001,-19.999999,1,1.507502,61.701165
RD0898,71.385422,11.385422,0,2.922729,77.109103
RD0899,64.667875,4.667875,0,2.791134,71.054727
RD0900,59.965171,-0.034829,1,3.204885,66.860728
RD0901,64.28505,4.28505,0,2.574889,63.706178
RD0902,43.685019,-16.314981,1,2.747293,66.026833
RD0903,64.707336,4.707336,0,3.159447,61.76344
RD0904,61.042736,1.042736,0,2.563815,62.619793
RD0905,75.321775,15.321775,0,3.004719,82.269743
RD0906,57.702712,-2.297288,1,3.090321,84.348039
RD0907,58.799236,-1.200764,1,2.729165,76.503768
RD0908,77.881687,17.881687,0,3.114689,76.165027
RD0909,67.94515,7.94515,0,3.491511,80.546224
RD0910,59.682318,-0.317682,1,2.87127,62.740302
RD0911,72.461352,12.461352,0,2.97167,77.142724
RD0912,54.837435,-5.162565,1,2.364975,72.572536
RD0913,60.969434,0.969434,0,2.803478,61.713774
RD0914,47.892479,-12.107521,1,3.042119,74.483089
RD0915,55.860041,-4.139959,1,3.038737,70.209067
RD0916,63.927524,3.927524,0,2.988701,64.958746
RD0917,62.789875,2.789875,0,2.586629,74.582832
RD0918,73.920525,13.920525,0,3.631734,77.783983
RD0919,69.090235,9.090235,0,2.682626,67.064202
RD0920,63.282985,3.282985,0,2.308202,68.504632
RD0921,66.664449,6.664449,0,3.059042,69.346493
RD0922,56.083924,-3.916076,1,2.594152,62.44901
RD0923,59.473686,-0.526314,1,2.776867,73.999536
RD0924,70.153515,10.153515,0,2.815667,70.190927
RD0925,56.134203,-3.865797,1,2.454591,69.461084
RD0926,63.420043,3.420043,0,3.042065,65.245428
RD0927,68.745146,8.745146,0,2.364605,73.141518
RD0928,68.744887,8.744887,0,2.976897,71.000969
RD0929,55.991754,-4.008246,1,2.810989,74.238968
RD0930,60.57528,0.57528,0,3.423965,71.471307
RD0931,56.986496,-3.013504,1,2.454871,70.830332
RD0932,72.071805,12.071805,0,3.422407,65.173045
RD0933,54.657944,-5.342056,1,2.607136,71.507434
RD0934,42.965627,-17.034373,1,2.023149,73.10698
RD0935,40.000001,-19.999999,1,2.62752,61.060809
RD0936,68.916223,8.916223,0,2.517153,66.75589
RD0937,62.798842,2.798842,0,2.600247,72.136055
RD0938,40.000001,-19.999999,1,1.934979,64.905809
RD0939,55.514634,-4.485366,1,2.726451,72.638458
RD0940,69.353565,9.353565,0,2.496581,71.696358
RD0941,64.200494,4.200494,0,2.433842,61.6495
RD0942,67.351219,7.351219,0,3.346743,72.668884
RD0943,43.667839,-16.332161,1,2.177595,63.916572
RD0944,65.586082,5.586082,0,2.427614,76.158554
RD0945,49.157091,-10.842909,1,2.33794,78.16802
RD0946,40.701683,-19.298317,1,2.149357,65.782204
RD0947,71.214178,11.214178,0,2.880639,78.633243
RD0948,49.145253,-10.854747,1,1.827685,69.780658
RD0949,57.361383,-2.638617,1,2.864816,72.779885
RD0950,53.22342,-6.77658,1,2.63493,67.638886
RD0951,62.385579,2.385579,0,2.838797,64.751961
RD0952,59.630481,-0.369519,1,2.867005,69.852422
RD0953,67.559134,7.559134,0,2.630759,75.781044
RD0954,63.262335,3.262335,0,2.157382,77.286971
RD0955,73.171678,13.171678,0,3.283712,78.727132
RD0956,78.525682,18.525682,0,3.050784,70.398631
RD0957,73.838817,13.838817,0,2.524711,77.298041
RD0958,47.024826,-12.975174,1,2.400415,67.451971
RD0959,58.020129,-1.979871,1,2.581935,59.52758
RD0960,44.606125,-15.393875,1,3.03961,62.881309
RD0961,79.867732,19.867732,0,3.20386,79.581174
RD0962,51.45959,-8.54041,1,2.832224,62.029724
RD0963,46.384454,-13.615546,1,2.391594,71.634518
RD0964,48.148122,-11.851878,1,2.279755,64.157903
RD0965,52.270692,-7.729308,1,2.147675,68.197866
RD0966,68.681376,8.681376,0,2.767701,67.029202
RD0967,58.062722,-1.937278,1,2.804908,74.140276
RD0968,69.362049,9.362049,0,3.708483,73.525894
RD0969,64.284798,4.284798,0,3.24965,64.76357
RD0970,58.392035,-1.607965,1,2.710128,77.58857
RD0971,44.754696,-15.245304,1,2.379677,71.573966
RD0972,65.771629,5.771629,0,3.271323,78.326433
RD0973,47.377728,-12.622272,1,2.444976,67.072963
RD0974,61.21043,1.21043,0,2.627147,65.930654
RD0975,62.26334,2.26334,0,3.19922,70.193424
RD0976,47.111462,-12.888538,1,2.357673,66.395067
RD0977,60.736714,0.736714,0,2.754462,68.601402
RD0978,40.000001,-19.999999,1,2.610534,70.850031
RD0979,59.448956,-0.551044,1,3.204874,76.45038
RD0980,70.924166,10.924166,0,2.743911,73.103733
RD0981,51.894695,-8.105305,1,2.527346,72.013518
RD0982,61.78661,1.78661,0,2.608034,73.147873
RD0983,73.288249,13.288249,0,2.445245,76.800518
RD0984,50.46847,-9.53153,1,3.139209,68.191397
RD0985,72.907865,12.907865,0,2.984931,67.739647
RD0986,52.801003,-7.198997,1,2.4035,67.535358
RD0987,57.707646,-2.292354,1,2.718023,65.607206
RD0988,71.459484,11.459484,0,3.432137,80.450412
RD0989,54.206836,-5.793164,1,2.735488,82.288431
RD0990,67.913667,7.913667,0,3.064701,69.578566
RD0991,57.610762,-2.389238,1,2.459619,66.460535
RD0992,67.164946,7.164946,0,3.118232,70.893552
RD0993,76.760511,16.760511,0,2.876402,78.517446
RD0994,64.896073,4.896073,0,3.375632,73.656709
RD0995,58.906777,-1.093223,1,2.865857,68.613437
RD0996,69.23734,9.23734,0,2.768818,77.272793
RD0997,50.271175,-9.728825,1,1.826031,67.708795
RD0998,51.511771,-8.488229,1,2.681649,80.842877
RD0999,71.164919,11.164919,0,2.850696,79.583074
RD1000,60.80548,0.80548,0,2.337412,72.431831
RD1001,50.78063,-9.21937,1,2.285595,67.440759
RD1002,51.534243,-8.465757,1,2.558605,65.280485
RD1003,53.705476,-6.294524,1,2.902423,61.901548
RD1004,61.254374,1.254374,0,2.671979,63.904942
RD1005,45.612479,-14.387521,1,2.559547,67.717622
RD1006,58.932055,-1.067945,1,2.552354,62.782878
RD1007,49.261722,-10.738278,1,2.277621,60.752088
RD1008,58.914854,-1.085146,1,2.609823,70.348582
RD1009,40.000001,-19.999999,1,2.036237,58.824945
RD1010,60.910273,0.910273,0,3.03434,62.507105
RD1011,55.259367,-4.740633,1,2.488561,69.355608
RD1012,45.153151,-14.846849,1,2.598442,62.705989
RD1013,70.462951,10.462951,0,2.915604,78.277135
RD1014,49.945323,-10.054677,1,2.38799,68.567229
RD1015,64.057605,4.057605,0,2.697367,72.767921
RD1016,55.232862,-4.767138,1,2.428616,74.138388
RD1017,63.199866,3.199866,0,2.569786,71.304955
RD1018,40.000001,-19.999999,1,2.157728,82.110373
RD1019,73.066558,13.066558,0,3.002123,82.071984
RD1020,62.274154,2.274154,0,2.935476,62.070867
RD1021,72.889743,12.889743,0,3.34792,73.361962
RD1022,72.583084,12.583084,0,3.178461,72.902246
RD1023,61.035152,1.035152,0,2.222692,75.025511
RD1024,40.691892,-19.308108,1,2.230298,75.42916
RD1025,61.439531,1.439531,0,2.694414,71.804127
RD1026,49.551362,-10.448638,1,2.788409,65.019659
RD1027,69.863213,9.863213,0,2.923865,71.367142
RD1028,60.197995,0.197995,0,2.25446,75.565469
RD1029,58.460707,-1.539293,1,2.236225,66.609643
RD1030,56.512497,-3.487503,1,2.979556,68.639091
RD1031,50.765559,-9.234441,1,2.506957,70.489092
RD1032,61.118637,1.118637,0,2.821638,61.550683
RD1033,62.310704,2.310704,0,2.940332,81.221623
RD1034,60.937901,0.937901,0,2.613016,68.059413
RD1035,55.273873,-4.726127,1,2.684006,71.140117
RD1036,40.927444,-19.072556,1,2.852561,53.087631
RD1037,69.944678,9.944678,0,3.325259,70.779317
RD1038,53.93706,-6.06294,1,2.396703,68.779403
RD1039,77.168596,17.168596,0,3.270882,89.625512
RD1040,71.713305,11.713305,0,3.27614,75.664079
RD1041,42.007297,-17.992703,1,2.321559,72.341375
RD1042,69.820862,9.820862,0,3.300328,69.219427
RD1043,66.229182,6.229182,0,2.825686,66.332885
RD1044,73.24378,13.24378,0,2.992966,73.83569
RD1045,44.974969,-15.025031,1,3.193719,79.248746
RD1046,66.927742,6.927742,0,2.813116,81.953691
RD1047,71.524108,11.524108,0,3.019784,66.353565
RD1048,58.214011,-1.785989,1,2.39754,66.5886
RD1049,63.902059,3.902059,0,3.256565,65.162881
RD1050,73.6543,13.6543,0,2.84478,73.830277
RD1051,40.000001,-19.999999,1,1.957322,62.512838
RD1052,68.239741,8.239741,0,3.147938,76.539817
RD1053,69.637232,9.637232,0,2.784435,65.514285
RD1054,65.369155,5.369155,0,3.062949,63.379717
RD1055,69.467669,9.467669,0,3.249991,67.270765
RD1056,69.897821,9.897821,0,3.498945,75.707006
RD1057,61.874139,1.874139,0,2.950232,58.511876
RD1058,79.999999,19.999999,0,3.016524,75.774184
RD1059,43.614997,-16.385003,1,2.882102,68.866359
RD1060,55.657902,-4.342098,1,2.93531,67.904153
RD1061,58.371212,-1.628788,1,2.721893,71.951993
RD1062,56.568793,-3.431207,1,2.937009,68.662783
RD1063,58.998518,-1.001482,1,3.138369,72.444628
RD1064,62.252176,2.252176,0,2.495766,69.576615
RD1065,60.362495,0.362495,0,2.700506,65.127471
RD1066,55.903323,-4.096677,1,2.855095,65.893261
RD1067,61.063531,1.063531,0,3.389811,71.096447
RD1068,45.783903,-14.216097,1,2.59677,62.102607
RD1069,79.999999,19.999999,0,2.800572,75.066364
RD1070,51.233422,-8.766578,1,2.768179,69.531669
RD1071,64.248609,4.248609,0,3.021221,72.68479
RD1072,61.006154,1.006154,0,2.787869,63.89165
RD1073,54.913772,-5.086228,1,2.501198,68.638833
RD1074,42.387429,-17.612571,1,2.74424,66.892036
RD1075,62.074833,2.074833,0,2.629332,57.888153
RD1076,71.75636,11.75636,0,2.841099,74.873302
RD1077,56.821305,-3.178695,1,2.852812,71.219069
RD1078,69.139068,9.139068,0,2.703916,71.878382
RD1079,52.376163,-7.623837,1,2.708934,62.260365
RD1080,69.606478,9.606478,0,2.119057,76.840042
RD1081,59.648247,-0.351753,1,2.634961,68.919831
RD1082,79.999999,19.999999,0,3.0049,80.471422
RD1083,63.039106,3.039106,0,2.954045,68.510968
RD1084,40.297721,-19.702279,1,2.801396,70.115064
RD1085,63.31012,3.31012,0,2.633103,60.201587
RD1086,77.849779,17.849779,0,3.930235,78.185991
RD1087,56.223341,-3.776659,1,2.528433,71.676588
RD1088,53.149871,-6.850129,1,2.815339,69.269044
RD1089,63.544591,3.544591,0,3.374781,64.901284
RD1090,63.254529,3.254529,0,3.137368,70.611204
RD1091,51.116898,-8.883102,1,2.304838,66.709957
RD1092,77.136137,17.136137,0,3.538167,81.879092
RD1093,65.695763,5.695763,0,3.385687,72.8067
RD1094,48.893702,-11.106298,1,2.316997,68.780611
RD1095,79.999999,19.999999,0,3.489972,83.754149
RD1096,67.365904,7.365904,0,3.206318,67.285795
RD1097,51.615277,-8.384723,1,2.383042,71.298318
RD1098,70.09738,10.09738,0,3.045304,77.979636
RD1099,56.120815,-3.879185,1,2.699002,66.014682
RD1100,72.74408,12.74408,0,3.044044,72.037478
RD1101,57.13112,-2.86888,1,3.153399,79.319199
RD1102,70.1899,10.1899,0,2.587717,64.567494
RD1103,51.508594,-8.491406,1,2.416169,73.871899
RD1104,61.408701,1.408701,0,2.763949,65.921096
RD1105,70.99405,10.99405,0,2.81516,78.007786
RD1106,66.748969,6.748969,0,2.607862,74.461523
RD1107,50.639657,-9.360343,1,2.530007,60.950884
RD1108,72.247262,12.247262,0,2.592202,72.720747
RD1109,79.999999,19.999999,0,2.858733,82.876591
RD1110,40.000001,-19.999999,1,2.291832,72.319243
RD1111,59.515559,-0.484441,1,2.80682,70.51075
RD1112,63.452602,3.452602,0,2.832619,65.854317
RD1113,65.322228,5.322228,0,2.808148,75.378206
RD1114,63.96305,3.96305,0,2.97767,73.735201
RD1115,69.813528,9.813528,0,2.572764,78.399682
RD1116,43.620602,-16.379398,1,1.894557,64.45149
RD1117,60.298872,0.298872,0,3.074923,68.934106
RD1118,45.5154,-14.4846,1,2.363658,70.643557
RD1119,45.354834,-14.645166,1,2.064617,72.911456
RD1120,52.16644,-7.83356,1,2.728869,68.880142
RD1121,61.828621,1.828621,0,3.122371,76.014972
RD1122,56.846724,-3.153276,1,2.482344,78.283677
RD1123,62.019612,2.019612,0,2.549251,62.48053
RD1124,59.028197,-0.971803,1,3.117259,75.213616
RD1125,56.003293,-3.996707,1,2.527392,80.112755
RD1126,51.423412,-8.576588,1,2.465288,75.777322
RD1127,64.819075,4.819075,0,3.363121,75.551844
RD1128,63.942159,3.942159,0,3.065204,72.884927
RD1129,60.867011,0.867011,0,2.538427,68.144968
RD1130,66.431086,6.431086,0,2.909718,73.896209
RD1131,66.034336,6.034336,0,2.629947,72.730757
RD1132,49.886887,-10.113113,1,2.234555,56.849421
RD1133,66.700798,6.700798,0,2.770203,70.769783
RD1134,68.900905,8.900905,0,3.014627,76.11248
RD1135,43.969972,-16.030028,1,2.346083,74.575865
RD1136,71.967172,11.967172,0,2.81097,66.825121
RD1137,61.14198,1.14198,0,2.546447,73.456467
RD1138,64.412637,4.412637,0,2.933392,69.829655
RD1139,53.509415,-6.490585,1,2.616257,70.007973
RD1140,47.426895,-12.573105,1,1.947455,64.155126
RD1141,67.382421,7.382421,0,3.644238,73.280218
RD1142,68.148164,8.148164,0,3.122638,74.680698
RD1143,48.692142,-11.307858,1,1.990982,69.630684
RD1144,69.081479,9.081479,0,2.617427,64.583272
RD1145,76.647193,16.647193,0,2.685354,73.896895
RD1146,61.404439,1.404439,0,2.563504,66.38924
RD1147,50.547544,-9.452456,1,2.471135,68.243879
RD1148,62.471786,2.471786,0,2.912526,64.261489
RD1149,63.095911,3.095911,0,2.532239,71.603721
RD1150,62.7205,2.7205,0,2.80316,67.90679
RD1151,49.392296,-10.607704,1,2.161701,61.057208
RD1152,65.688747,5.688747,0,3.35391,78.204851
RD1153,62.587327,2.587327,0,3.488852,71.834212
RD1154,55.950076,-4.049924,1,2.678429,73.156971
RD1155,49.242098,-10.757902,1,2.241178,63.745667
RD1156,62.161679,2.161679,0,2.683537,61.215248
RD1157,56.452304,-3.547696,1,2.232738,62.748527
RD1158,51.827289,-8.172711,1,2.094088,68.337775
RD1159,63.899668,3.899668,0,2.982154,69.419075
RD1160,70.877421,10.877421,0,3.235165,72.394909
RD1161,62.192201,2.192201,0,3.577361,70.968955
RD1162,74.790396,14.790396,0,3.194916,78.333281
RD1163,60.726672,0.726672,0,2.746778,75.263799
RD1164,40.000001,-19.999999,1,2.605742,60.00051
RD1165,47.811495,-12.188505,1,2.23406,73.767824
RD1166,51.130079,-8.869921,1,2.943391,72.528727
RD1167,54.239051,-5.760949,1,2.13282,76.890353
RD1168,63.724706,3.724706,0,3.031517,61.953371
RD1169,48.235374,-11.764626,1,2.712191,61.388945
RD1170,56.044685,-3.955315,1,2.6122,63.400021
RD1171,72.720793,12.720793,0,2.76724,76.27871
RD1172,66.676283,6.676283,0,2.563252,68.251507
RD1173,62.424817,2.424817,0,3.364387,68.786098
RD1174,55.540904,-4.459096,1,2.893222,64.887692
RD1175,75.436997,15.436997,0,2.207009,77.080045
RD1176,57.359339,-2.640661,1,2.750329,59.770537
RD1177,40.000001,-19.999999,1,2.684473,68.753482
RD1178,64.399394,4.399394,0,3.405538,69.760422
RD1179,55.277621,-4.722379,1,3.032017,72.024033
RD1180,54.706202,-5.293798,1,2.191288,66.657559
RD1181,62.752342,2.752342,0,2.585279,71.251856
RD1182,65.583976,5.583976,0,2.57737,65.760801
RD1183,66.33994,6.33994,0,3.199501,62.049366
RD1184,59.903308,-0.096692,1,2.415995,70.59839
RD1185,43.319436,-16.680564,1,2.231182,70.238751
RD1186,68.014383,8.014383,0,2.771513,74.978221
RD1187,58.844661,-1.155339,1,2.650483,70.008753
RD1188,40.000001,-19.999999,1,2.204942,69.84113
RD1189,46.828128,-13.171872,1,1.886787,53.632023
RD1190,70.338212,10.338212,0,3.251187,75.115792
RD1191,55.465448,-4.534552,1,2.092264,62.512532
RD1192,61.878503,1.878503,0,3.3597,74.153107
RD1193,69.777578,9.777578,0,2.341784,80.323835
RD1194,54.301043,-5.698957,1,2.933079,72.178258
RD1195,58.968375,-1.031625,1,2.786669,74.26465
RD1196,78.932202,18.932202,0,3.521615,74.967376
RD1197,41.218252,-18.781748,1,2.199715,76.825357
RD1198,42.601656,-17.398344,1,2.430061,72.732206
RD1199,70.010675,10.010675,0,2.38817,65.916662
RD1200,51.768915,-8.231085,1,2.093251,64.60953
RD1201,51.360802,-8.639198,1,2.261237,66.203622
RD1202,51.091432,-8.908568,1,2.674775,65.853874
RD1203,61.70737,1.70737,0,3.222744,71.796499
RD1204,56.264311,-3.735689,1,2.647982,60.177673
RD1205,57.28643,-2.71357,1,2.59051,70.380732
RD1206,67.319053,7.319053,0,2.441577,69.035565
RD1207,40.000001,-19.999999,1,1.823037,63.047978
RD1208,62.381396,2.381396,0,3.364715,71.605685
RD1209,56.254681,-3.745319,1,2.479673,71.363899
RD1210,79.999999,19.999999,0,3.486567,77.699247
RD1211,69.652708,9.652708,0,2.546615,71.781868
RD1212,61.559148,1.559148,0,2.869397,67.497019
RD1213,74.549456,14.549456,0,2.847938,69.253531
RD1214,58.3851,-1.6149,1,2.852034,70.796499
RD1215,47.887603,-12.112397,1,2.158878,62.314979
RD1216,63.172816,3.172816,0,2.512814,63.066854
RD1217,51.42186,-8.57814,1,2.846152,69.903367
RD1218,62.013988,2.013988,0,2.379087,64.148419
RD1219,55.818343,-4.181657,1,2.304168,67.669157
RD1220,50.292529,-9.707471,1,2.969246,59.319489
RD1221,77.03425,17.03425,0,3.226862,76.840407
RD1222,71.489424,11.489424,0,3.696689,77.343745
RD1223,60.181688,0.181688,0,2.953103,69.603243
RD1224,58.995914,-1.004086,1,3.005541,77.175655
RD1225,62.277274,2.277274,0,2.904644,65.040395
RD1226,70.365475,10.365475,0,3.472435,82.605477
RD1227,46.565519,-13.434481,1,2.050154,70.27675
RD1228,57.749785,-2.250215,1,2.26119,61.815908
RD1229,71.091521,11.091521,0,3.168905,77.217507
RD1230,69.06602,9.06602,0,3.237501,67.890148
RD1231,44.959502,-15.040498,1,2.717638,73.041654
RD1232,63.781146,3.781146,0,2.467129,68.089346
RD1233,66.062036,6.062036,0,2.609305,68.929146
RD1234,56.395747,-3.604253,1,2.435008,71.35506
RD1235,68.20138,8.20138,0,2.986254,77.535972
RD1236,76.459492,16.459492,0,2.705278,86.127103
RD1237,55.22109,-4.77891,1,2.884842,72.706364
RD1238,66.476859,6.476859,0,2.952935,66.457692
RD1239,70.078248,10.078248,0,2.786322,72.027913
RD1240,71.651898,11.651898,0,2.984123,71.246481
RD1241,76.612689,16.612689,0,2.944845,82.484881
RD1242,53.866541,-6.133459,1,2.662258,72.446161
RD1243,66.736986,6.736986,0,3.01347,78.293007
RD1244,65.684538,5.684538,0,2.89145,71.724387
RD1245,58.621513,-1.378487,1,2.719775,66.024922
RD1246,40.000001,-19.999999,1,2.478437,67.63446
RD1247,56.318261,-3.681739,1,2.357876,68.962144
RD1248,59.903682,-0.096318,1,2.807136,74.252316
RD1249,43.30973,-16.69027,1,2.49965,70.117868
RD1250,54.96021,-5.03979,1,2.024595,69.123747
RD1251,79.999999,19.999999,0,3.377308,79.115881
RD1252,57.773045,-2.226955,1,2.724058,73.045505
RD1253,52.58684,-7.41316,1,3.16326,68.91705
RD1254,49.464531,-10.535469,1,2.782163,69.747764
RD1255,60.077866,0.077866,0,2.08425,70.736662
RD1256,70.867548,10.867548,0,2.459947,65.082251
RD1257,52.85287,-7.14713,1,2.349694,69.220954
RD1258,75.922901,15.922901,0,2.965268,79.379555
RD1259,61.254926,1.254926,0,3.038827,73.704614
RD1260,74.187736,14.187736,0,2.784697,69.96563
RD1261,68.539608,8.539608,0,2.526541,73.838061
RD1262,56.220326,-3.779674,1,2.692345,58.278493
RD1263,49.519601,-10.480399,1,2.370954,67.155279
RD1264,56.692339,-3.307661,1,2.929727,70.450557
RD1265,60.573571,0.573571,0,2.762067,61.529862
RD1266,50.928059,-9.071941,1,2.302811,63.691557
RD1267,58.119269,-1.880731,1,2.759634,62.137112
RD1268,48.31423,-11.68577,1,2.520897,71.957469
RD1269,63.003467,3.003467,0,2.993936,64.405047
RD1270,60.187448,0.187448,0,2.526956,63.06025
RD1271,64.510877,4.510877,0,2.988109,72.057323
RD1272,59.918048,-0.081952,1,2.207732,64.60826
RD1273,63.32021,3.32021,0,2.971391,75.111261
RD1274,45.723589,-14.276411,1,2.357677,67.066811
RD1275,45.046473,-14.953527,1,2.006912,60.088049
RD1276,69.460418,9.460418,0,2.846977,68.13866
RD1277,45.681783,-14.318217,1,2.454642,69.3613
RD1278,50.761984,-9.238016,1,2.686922,62.492882
RD1279,68.931433,8.931433,0,2.674056,72.831858
RD1280,50.096031,-9.903969,1,2.67582,69.403611
RD1281,72.969031,12.969031,0,3.008684,73.477282
RD1282,58.813836,-1.186164,1,2.825835,71.249006
RD1283,59.431379,-0.568621,1,2.536196,77.227113
RD1284,54.817872,-5.182128,1,1.883668,76.874188
RD1285,66.925257,6.925257,0,2.980998,69.249488
RD1286,66.712687,6.712687,0,3.321806,77.014006
RD1287,50.347451,-9.652549,1,1.990039,67.52203
RD1288,54.672991,-5.327009,1,2.756115,68.407628
RD1289,62.815013,2.815013,0,2.719234,67.973214
RD1290,55.887706,-4.112294,1,2.63533,71.216911
RD1291,59.021439,-0.978561,1,3.19994,79.880427
RD1292,56.999796,-3.000204,1,2.452601,67.030267
RD1293,57.638276,-2.361724,1,3.190849,70.645506
RD1294,59.105535,-0.894465,1,2.424744,69.25146
RD1295,70.002509,10.002509,0,2.643624,67.11568
RD1296,56.139779,-3.860221,1,2.415154,66.004262
RD1297,54.589328,-5.410672,1,2.357512,68.084823
RD1298,56.355031,-3.644969,1,3.031534,70.669379
RD1299,56.133005,-3.866995,1,2.820516,69.244377
RD1300,72.119755,12.119755,0,3.274274,70.765084
RD1301,60.482869,0.482869,0,2.848207,67.35361
RD1302,54.475516,-5.524484,1,3.233699,70.927267
RD1303,64.717125,4.717125,0,2.925174,59.295314
RD1304,63.123568,3.123568,0,2.4193,79.080074
RD1305,55.925586,-4.074414,1,2.604398,68.835421
RD1306,56.833042,-3.166958,1,2.727387,65.053293
RD1307,52.165073,-7.834927,1,3.006252,63.232512
RD1308,57.884888,-2.115112,1,2.644955,59.359752
RD1309,53.299243,-6.700757,1,2.76421,67.107705
RD1310,63.04579,3.04579,0,2.823518,78.411145
RD1311,50.112036,-9.887964,1,2.705706,72.949012
RD1312,61.984962,1.984962,0,2.622743,56.160974
RD1313,55.570648,-4.429352,1,3.273975,76.276281
RD1314,59.047601,-0.952399,1,2.883077,65.56364
RD1315,62.175324,2.175324,0,2.503556,70.582987
RD1316,63.307786,3.307786,0,3.235377,66.292793
RD1317,65.621546,5.621546,0,2.945926,77.484243
RD1318,63.765361,3.765361,0,2.453298,69.214054
RD1319,63.457314,3.457314,0,2.329354,78.777113
RD1320,60.555882,0.555882,0,2.536408,66.083419
RD1321,40.000001,-19.999999,1,2.441765,63.725407
RD1322,56.249621,-3.750379,1,2.776696,76.878866
RD1323,75.757529,15.757529,0,3.146278,76.644621
RD1324,67.98993,7.98993,0,2.935875,75.120169
RD1325,44.268689,-15.731311,1,2.914614,66.706948
RD1326,74.261145,14.261145,0,3.096553,75.356775
RD1327,62.521229,2.521229,0,2.651434,71.04769
RD1328,78.770667,18.770667,0,3.153503,74.697578
RD1329,69.239216,9.239216,0,3.018994,79.153031
RD1330,61.074447,1.074447,0,2.876675,75.158998
RD1331,57.388152,-2.611848,1,2.584303,78.795042
RD1332,61.995541,1.995541,0,3.516939,68.365794
RD1333,58.814988,-1.185012,1,2.257153,70.355293
RD1334,46.632982,-13.367018,1,2.555208,62.168781
RD1335,60.769378,0.769378,0,3.390545,79.574597
RD1336,41.894846,-18.105154,1,1.818866,60.372411
RD1337,62.391926,2.391926,0,3.102617,71.821505
RD1338,79.999999,19.999999,0,2.973676,78.365795
RD1339,68.246626,8.246626,0,3.356504,76.46919
RD1340,58.941359,-1.058641,1,2.94541,68.834686
RD1341,52.904006,-7.095994,1,2.47658,63.751652
RD1342,53.209515,-6.790485,1,2.174411,67.135684
RD1343,71.548699,11.548699,0,2.768339,71.849825
RD1344,65.069275,5.069275,0,2.81292,72.751126
RD1345,61.660181,1.660181,0,3.311963,74.438617
RD1346,75.032948,15.032948,0,2.888334,72.148901
RD1347,78.365729,18.365729,0,3.387192,83.007307
RD1348,63.030549,3.030549,0,3.029032,64.823618
RD1349,47.115771,-12.884229,1,2.589017,68.939003
RD1350,68.880897,8.880897,0,2.535553,70.837444
RD1351,74.512547,14.512547,0,2.834505,76.525134
RD1352,45.896142,-14.103858,1,1.877615,69.65173
RD1353,52.481355,-7.518645,1,2.736411,64.049741
RD1354,72.1406,12.1406,0,3.139848,72.960915
RD1355,66.562559,6.562559,0,2.817045,67.766639
RD1356,51.617607,-8.382393,1,2.800764,72.157858
RD1357,63.040148,3.040148,0,2.67153,78.037664
RD1358,56.716616,-3.283384,1,2.300193,70.912746
RD1359,58.850762,-1.149238,1,2.573638,64.436694
RD1360,40.000001,-19.999999,1,2.426132,67.341307
RD1361,73.857925,13.857925,0,3.614633,78.818466
RD1362,79.999999,19.999999,0,3.643071,84.157785
RD1363,64.975937,4.975937,0,3.110946,74.481713
RD1364,49.045411,-10.954589,1,2.425588,72.752974
RD1365,54.179376,-5.820624,1,2.223638,70.946009
RD1366,40.000001,-19.999999,1,1.893041,69.760487
RD1367,56.033546,-3.966454,1,2.469327,65.953105
RD1368,78.389846,18.389846,0,3.446226,80.719806
RD1369,76.420617,16.420617,0,3.314928,74.694337
RD1370,49.278629,-10.721371,1,2.572357,63.101112
RD1371,69.969794,9.969794,0,2.999368,59.919102
RD1372,46.873858,-13.126142,1,2.183778,63.920543
RD1373,43.309084,-16.690916,1,2.952817,73.385574
RD1374,40.000001,-19.999999,1,2.278431,61.742284
RD1375,65.759906,5.759906,0,2.961954,69.97349
RD1376,47.11828,-12.88172,1,2.406488,71.679145
RD1377,63.465737,3.465737,0,3.07747,70.086522
RD1378,51.595959,-8.404041,1,2.486472,68.480741
RD1379,57.1968,-2.8032,1,2.594563,70.693739
RD1380,64.119926,4.119926,0,2.741198,75.776004
RD1381,40.000001,-19.999999,1,1.814478,66.617871
RD1382,63.291641,3.291641,0,2.894175,71.959848
RD1383,62.614797,2.614797,0,2.946322,67.77453
RD1384,62.63332,2.63332,0,2.708979,67.87117
RD1385,58.593426,-1.406574,1,2.23761,61.752903
RD1386,75.742968,15.742968,0,3.271192,79.474169
RD1387,79.935829,19.935829,0,3.705507,77.837868
RD1388,40.000001,-19.999999,1,1.981208,78.322076
RD1389,45.644454,-14.355546,1,2.505551,64.830248
RD1390,56.202918,-3.797082,1,2.440343,67.863608
RD1391,58.287564,-1.712436,1,2.935087,65.82609
RD1392,40.000001,-19.999999,1,2.006376,69.92215
RD1393,69.292769,9.292769,0,3.317326,65.086595
RD1394,45.821424,-14.178576,1,1.917389,60.626121
RD1395,52.612292,-7.387708,1,2.042521,69.411978
RD1396,46.986464,-13.013536,1,2.374147,69.787777
RD1397,57.788448,-2.211552,1,2.608337,73.503017
RD1398,69.735432,9.735432,0,2.510956,60.798349
RD1399,68.744992,8.744992,0,3.61666,74.380839
RD1400,79.999999,19.999999,0,3.511971,78.024944
RD1401,54.779993,-5.220007,1,2.035213,64.366867
RD1402,50.055663,-9.944337,1,2.940538,71.674215
RD1403,64.297899,4.297899,0,2.416469,75.955587
RD1404,76.143516,16.143516,0,3.994915,69.894485
RD1405,47.928353,-12.071647,1,3.062846,67.145951
RD1406,60.756385,0.756385,0,3.040236,78.205637
RD1407,40.000001,-19.999999,1,2.423758,66.450269
RD1408,77.355337,17.355337,0,2.885566,77.197265
RD1409,69.218706,9.218706,0,3.072977,83.984538
RD1410,62.740093,2.740093,0,3.494693,73.389487
RD1411,62.088842,2.088842,0,2.503932,65.259098
RD1412,51.141375,-8.858625,1,2.589057,68.942248
RD1413,70.413412,10.413412,0,3.222002,77.634878
RD1414,51.37126,-8.62874,1,2.392587,73.736074
RD1415,54.081674,-5.918326,1,2.660057,63.825332
RD1416,78.356498,18.356498,0,2.798037,77.854402
RD1417,63.155319,3.155319,0,2.851876,59.513575
RD1418,56.247561,-3.752439,1,2.658815,80.705426
RD1419,45.150476,-14.849524,1,2.106305,71.677298
RD1420,40.000001,-19.999999,1,2.471023,65.148077
RD1421,76.433884,16.433884,0,3.00409,73.188521
RD1422,52.667332,-7.332668,1,2.212481,73.704664
RD1423,59.474666,-0.525334,1,3.194104,66.954602
RD1424,79.999999,19.999999,0,3.47607,75.803589
RD1425,65.421983,5.421983,0,3.182185,63.866477
RD1426,59.805145,-0.194855,1,2.497123,69.551189
RD1427,65.718242,5.718242,0,3.046834,75.576965
RD1428,62.45732,2.45732,0,2.627512,64.076503
RD1429,61.64439,1.64439,0,2.454387,72.311652
RD1430,47.247452,-12.752548,1,2.211114,72.078395
RD1431,61.003048,1.003048,0,3.284904,74.399067
RD1432,70.475046,10.475046,0,2.955064,77.059876
RD1433,79.999999,19.999999,0,3.417504,75.873064
RD1434,72.345922,12.345922,0,3.785316,80.621415
RD1435,61.295595,1.295595,0,2.973183,59.675273
RD1436,70.652769,10.652769,0,2.63047,88.249695
RD1437,60.35206,0.35206,0,3.007154,65.788262
RD1438,48.162588,-11.837412,1,2.557235,58.197833
RD1439,43.758497,-16.241503,1,2.023831,66.50432
RD1440,51.391274,-8.608726,1,1.964582,69.494916
RD1441,42.558349,-17.441651,1,2.141488,71.836039
RD1442,57.154115,-2.845885,1,2.520462,70.287939
RD1443,47.920977,-12.079023,1,2.091207,72.668167
RD1444,59.785836,-0.214164,1,2.30663,66.39975
RD1445,72.958239,12.958239,0,3.139051,71.593785
RD1446,61.537336,1.537336,0,2.567565,64.698181
RD1447,68.237819,8.237819,0,2.805646,63.881511
RD1448,48.912317,-11.087683,1,2.43122,66.398831
RD1449,42.999069,-17.000931,1,2.293541,62.660199
RD1450,66.677524,6.677524,0,3.340442,76.036177
RD1451,40.000001,-19.999999,1,1.760024,62.153714
RD1452,46.125134,-13.874866,1,1.898015,70.529431
RD1453,72.189507,12.189507,0,3.315508,75.363464
RD1454,75.932719,15.932719,0,3.427568,78.039721
RD1455,68.131655,8.131655,0,2.744984,83.24405
RD1456,68.834623,8.834623,0,2.678912,71.74718
RD1457,56.889138,-3.110862,1,3.380648,70.316225
RD1458,63.184467,3.184467,0,2.78156,75.974087
RD1459,42.564713,-17.435287,1,1.840638,64.563533
RD1460,42.758411,-17.241589,1,2.038038,70.574088
RD1461,47.692885,-12.307115,1,2.32684,67.252441
RD1462,51.047739,-8.952261,1,3.013231,68.359223
RD1463,56.957179,-3.042821,1,2.532486,71.688961
RD1464,40.000001,-19.999999,1,2.1835,65.689691
RD1465,66.343442,6.343442,0,2.291673,75.841612
RD1466,63.038316,3.038316,0,2.739457,72.264215
RD1467,71.244432,11.244432,0,3.527038,85.571103
RD1468,53.107805,-6.892195,1,2.378673,70.845576
RD1469,70.626044,10.626044,0,2.345022,80.566921
RD1470,63.049729,3.049729,0,2.689339,74.923615
RD1471,45.745344,-14.254656,1,2.563452,67.247776
RD1472,69.698844,9.698844,0,2.654824,83.626946
RD1473,61.597477,1.597477,0,2.278532,65.411803
RD1474,79.999999,19.999999,0,3.289426,79.090848
RD1475,40.87911,-19.12089,1,2.155218,70.558166
RD1476,53.588052,-6.411948,1,2.786331,68.868704
RD1477,54.335017,-5.664983,1,2.235397,68.58918
RD1478,58.818802,-1.181198,1,2.13757,63.940724
RD1479,58.249084,-1.750916,1,2.479429,71.925318
RD1480,51.244238,-8.755762,1,2.832852,68.008828
RD1481,54.311612,-5.688388,1,2.349319,69.937293
RD1482,54.940707,-5.059293,1,1.963165,71.933991
RD1483,73.87362,13.87362,0,2.951118,70.994252
RD1484,57.663766,-2.336234,1,2.825675,77.808531
RD1485,70.465358,10.465358,0,2.613605,65.1141
RD1486,56.648874,-3.351126,1,2.666401,65.854406
RD1487,59.044349,-0.955651,1,2.390647,67.064238
RD1488,60.740317,0.740317,0,2.666825,69.936383
RD1489,62.425308,2.425308,0,3.005633,76.30765
RD1490,69.602089,9.602089,0,3.131297,78.84363
RD1491,73.675581,13.675581,0,2.95158,86.939493
RD1492,45.775697,-14.224303,1,2.314889,75.282534
RD1493,56.448775,-3.551225,1,2.422558,69.281443
RD1494,65.638092,5.638092,0,2.792772,65.494526
RD1495,68.969671,8.969671,0,3.245756,81.097052
RD1496,48.042525,-11.957475,1,2.556788,66.270561
RD1497,59.30265,-0.69735,1,2.914347,72.30613
RD1498,44.327276,-15.672724,1,1.971372,70.544559
RD1499,52.166634,-7.833366,1,2.880909,72.776724
RD1500,66.241263,6.241263,0,3.275912,73.736803
RD1501,57.702886,-2.297114,1,2.784702,60.041105
RD1502,72.263062,12.263062,0,3.172838,78.979509
RD1503,64.674267,4.674267,0,3.232613,67.208971
RD1504,55.215585,-4.784415,1,3.128278,69.004733
RD1505,68.159752,8.159752,0,2.753024,72.533543
RD1506,65.069461,5.069461,0,2.751313,66.197229
RD1507,69.213726,9.213726,0,3.052939,73.529325
RD1508,67.7097,7.7097,0,2.510465,64.302779
RD1509,46.716626,-13.283374,1,2.657395,58.035859
RD1510,54.328199,-5.671801,1,2.806261,73.272515
RD1511,57.558519,-2.441481,1,2.859472,71.415217
RD1512,65.756283,5.756283,0,3.585185,71.14368
RD1513,76.777804,16.777804,0,3.090449,81.524266
RD1514,52.536413,-7.463587,1,3.037487,65.472812
RD1515,69.530282,9.530282,0,3.346375,76.148863
RD1516,69.643634,9.643634,0,2.933075,72.70444
RD1517,65.269487,5.269487,0,2.776451,66.046304
RD1518,40.000001,-19.999999,1,2.2078,67.402731
RD1519,58.69258,-1.30742,1,3.163558,85.285298
RD1520,40.000001,-19.999999,1,2.305223,67.475166
RD1521,60.620845,0.620845,0,3.108739,62.148982
RD1522,65.287884,5.287884,0,2.859609,72.062735
RD1523,71.311949,11.311949,0,3.399435,76.328059
RD1524,52.409752,-7.590248,1,3.1915,78.209747
RD1525,47.778184,-12.221816,1,2.564008,64.07026
RD1526,59.770003,-0.229997,1,2.377855,70.530869
RD1527,57.447989,-2.552011,1,2.805434,69.119725
RD1528,70.389753,10.389753,0,2.589987,76.523068
RD1529,62.785626,2.785626,0,3.342073,67.168199
RD1530,54.854583,-5.145417,1,3.109642,68.178926
RD1531,60.303798,0.303798,0,3.278819,67.595169
RD1532,63.406446,3.406446,0,3.163054,61.395756
RD1533,71.497674,11.497674,0,3.055714,72.644081
RD1534,64.047265,4.047265,0,2.770354,70.484571
RD1535,74.250162,14.250162,0,2.525078,69.427638
RD1536,66.26266,6.26266,0,2.884783,71.550137
RD1537,74.322584,14.322584,0,3.031936,71.281159
RD1538,50.416394,-9.583606,1,1.914137,65.13327
RD1539,57.541568,-2.458432,1,2.554559,68.605911
RD1540,52.927389,-7.072611,1,2.41446,68.800593
RD1541,40.000001,-19.999999,1,1.970519,59.915519
RD1542,54.879492,-5.120508,1,2.359716,62.690269
RD1543,61.700243,1.700243,0,2.526421,67.601114
RD1544,64.437824,4.437824,0,2.911698,69.32209
RD1545,61.054135,1.054135,0,2.641736,62.614271
RD1546,64.926311,4.926311,0,2.452785,57.812061
RD1547,60.640056,0.640056,0,3.116472,74.625671
RD1548,53.731731,-6.268269,1,2.168547,64.546824
RD1549,56.496738,-3.503262,1,3.003679,67.002753
RD1550,65.16698,5.16698,0,3.276974,70.398765
RD1551,45.856604,-14.143396,1,2.222945,65.222593
RD1552,53.569755,-6.430245,1,2.664055,65.858915
RD1553,60.85133,0.85133,0,3.039236,72.850842
RD1554,56.970826,-3.029174,1,2.638071,70.069139
RD1555,52.331317,-7.668683,1,2.379732,71.768809
RD1556,63.736503,3.736503,0,2.38724,73.8888
RD1557,55.509652,-4.490348,1,3.023998,69.836386
RD1558,46.570621,-13.429379,1,2.383975,65.112733
RD1559,60.218821,0.218821,0,2.239384,69.345509
RD1560,46.356121,-13.643879,1,2.222744,59.571751
RD1561,62.99596,2.99596,0,2.551709,68.377719
RD1562,65.282411,5.282411,0,2.735372,62.162829
RD1563,79.505886,19.505886,0,3.838544,77.962775
RD1564,67.523226,7.523226,0,2.892753,67.593884
RD1565,79.999999,19.999999,0,3.008554,70.149387
RD1566,69.480112,9.480112,0,3.439988,72.034802
RD1567,74.433943,14.433943,0,3.234585,69.977691
RD1568,46.498403,-13.501597,1,2.320872,58.097463
RD1569,60.431053,0.431053,0,2.523278,65.810125
RD1570,61.914892,1.914892,0,2.8632,64.279255
RD1571,75.348402,15.348402,0,2.996242,81.52861
RD1572,53.392794,-6.607206,1,2.776947,80.42183
RD1573,56.552858,-3.447142,1,2.957077,79.655956
RD1574,62.801253,2.801253,0,2.982526,63.577369
RD1575,57.447356,-2.552644,1,2.759738,83.295411
RD1576,53.745969,-6.254031,1,2.200952,63.841379
RD1577,56.031024,-3.968976,1,2.701897,73.411701
RD1578,79.999999,19.999999,0,2.992389,80.857654
RD1579,60.551802,0.551802,0,2.493027,58.907215
RD1580,46.495792,-13.504208,1,2.455308,64.826611
RD1581,53.715623,-6.284377,1,2.964698,82.651733
RD1582,44.763002,-15.236998,1,1.932213,67.232274
RD1583,50.35659,-9.64341,1,2.380069,66.042087
RD1584,45.043432,-14.956568,1,2.63939,68.924679
RD1585,74.229273,14.229273,0,2.969042,71.35251
RD1586,63.545998,3.545998,0,2.961379,70.621996
RD1587,43.161426,-16.838574,1,2.374987,63.380056
RD1588,48.534416,-11.465584,1,2.713691,66.924276
RD1589,70.36063,10.36063,0,2.688314,71.951171
RD1590,73.263968,13.263968,0,3.348398,73.304594
RD1591,68.038915,8.038915,0,3.145075,72.306272
RD1592,59.666576,-0.333424,1,2.902246,71.48751
RD1593,54.476797,-5.523203,1,2.961509,76.20079
RD1594,58.98339,-1.01661,1,2.699769,73.381777
RD1595,58.834038,-1.165962,1,2.548735,69.682062
RD1596,54.277554,-5.722446,1,2.32102,71.908735
RD1597,50.485127,-9.514873,1,2.439673,63.368567
RD1598,60.195293,0.195293,0,2.272133,64.639951
RD1599,46.612592,-13.387408,1,2.479619,61.386088
RD1600,69.752843,9.752843,0,3.257666,63.636334
RD1601,48.567172,-11.432828,1,2.0448,64.250359
RD1602,59.146648,-0.853352,1,2.775919,68.98483
RD1603,69.229275,9.229275,0,2.688601,78.379358
RD1604,60.491139,0.491139,0,2.986646,65.75167
RD1605,60.382396,0.382396,0,2.516494,68.010142
RD1606,62.046391,2.046391,0,2.859491,68.287696
RD1607,48.355433,-11.644567,1,2.492332,71.665707
RD1608,49.064238,-10.935762,1,2.607091,70.52412
RD1609,63.784953,3.784953,0,2.722232,64.360448
RD1610,61.764341,1.764341,0,2.539118,64.144767
RD1611,50.269105,-9.730895,1,2.570045,63.479094
RD1612,67.66959,7.66959,0,3.418959,69.023154
RD1613,62.488276,2.488276,0,2.637797,74.328629
RD1614,65.825433,5.825433,0,3.099941,71.894978
RD1615,40.000001,-19.999999,1,2.163909,57.472452
RD1616,68.116588,8.116588,0,3.516304,72.563152
RD1617,45.931192,-14.068808,1,2.082793,70.623464
RD1618,54.393424,-5.606576,1,2.386081,70.124478
RD1619,46.606019,-13.393981,1,2.00685,66.715015
RD1620,56.997449,-3.002551,1,1.937956,63.687233
RD1621,56.863503,-3.136497,1,3.003139,66.070429
RD1622,46.542839,-13.457161,1,2.601145,72.301338
RD1623,64.525379,4.525379,0,3.221881,72.753058
RD1624,46.093085,-13.906915,1,2.345459,66.250664
RD1625,73.780891,13.780891,0,2.791207,76.191964
RD1626,73.659876,13.659876,0,3.548924,71.288711
RD1627,65.596731,5.596731,0,2.364414,70.009302
RD1628,50.678428,-9.321572,1,2.513833,71.54507
RD1629,66.212226,6.212226,0,2.971109,75.365811
RD1630,77.031922,17.031922,0,3.236986,77.186913
RD1631,49.755917,-10.244083,1,2.336286,67.524437
RD1632,64.640874,4.640874,0,2.813798,65.039084
RD1633,52.504701,-7.495299,1,2.845432,65.96891
RD1634,68.592223,8.592223,0,3.254974,78.957432
RD1635,64.016619,4.016619,0,2.503772,72.469078
RD1636,78.900167,18.900167,0,3.667583,83.822513
RD1637,60.315034,0.315034,0,2.819828,67.235056
RD1638,56.969339,-3.030661,1,2.891964,61.923127
RD1639,44.698448,-15.301552,1,2.42331,73.221172
RD1640,62.934551,2.934551,0,3.255562,70.091007
RD1641,57.544501,-2.455499,1,3.044361,70.327339
RD1642,71.341978,11.341978,0,3.45076,74.817043
RD1643,66.445447,6.445447,0,2.547357,76.746246
RD1644,59.16614,-0.83386,1,2.865842,72.148188
RD1645,48.442329,-11.557671,1,2.379957,65.277991
RD1646,63.846675,3.846675,0,2.584861,64.882916
RD1647,69.217379,9.217379,0,3.314933,74.686816
RD1648,40.601307,-19.398693,1,2.214093,67.919734
RD1649,57.458489,-2.541511,1,3.060045,65.955746
RD1650,55.842259,-4.157741,1,2.890089,75.807418
RD1651,56.211154,-3.788846,1,2.371185,70.976055
RD1652,59.364558,-0.635442,1,2.489372,68.072418
RD1653,43.509956,-16.490044,1,2.021422,71.132563
RD1654,65.869827,5.869827,0,2.951622,74.156027
RD1655,52.713231,-7.286769,1,2.620025,68.683354
RD1656,50.44284,-9.55716,1,2.629494,66.755607
RD1657,61.165415,1.165415,0,2.960757,79.384398
RD1658,65.802158,5.802158,0,2.820409,70.570332
RD1659,46.75743,-13.24257,1,2.627338,61.360705
RD1660,69.533859,9.533859,0,2.750871,64.694943
RD1661,56.634472,-3.365528,1,2.96605,71.211768
RD1662,64.386132,4.386132,0,2.812873,72.585352
RD1663,79.999999,19.999999,0,3.435674,82.426338
RD1664,61.455485,1.455485,0,3.06699,70.148069
RD1665,55.593019,-4.406981,1,2.817963,82.139427
RD1666,51.816244,-8.183756,1,2.832277,70.864074
RD1667,53.667565,-6.332435,1,2.172288,69.436656
RD1668,60.709346,0.709346,0,3.491714,65.730694
RD1669,71.535207,11.535207,0,2.619375,78.450812
RD1670,48.939754,-11.060246,1,2.661354,69.093724
RD1671,71.744757,11.744757,0,2.927777,75.101671
RD1672,54.939573,-5.060427,1,2.157586,71.864228
RD1673,68.076886,8.076886,0,2.806768,66.928067
RD1674,59.48644,-0.51356,1,3.287786,76.363937
RD1675,61.798794,1.798794,0,2.632858,63.108438
RD1676,79.999999,19.999999,0,3.381907,89.741521
RD1677,60.142817,0.142817,0,2.925483,60.512042
RD1678,67.920548,7.920548,0,3.047092,73.05079
RD1679,49.829448,-10.170552,1,2.392944,67.018436
RD1680,49.325476,-10.674524,1,2.339005,65.394402
RD1681,62.416398,2.416398,0,2.441386,58.241109
RD1682,68.022989,8.022989,0,2.489205,68.810826
RD1683,54.211202,-5.788798,1,2.24266,71.182165
RD1684,56.015059,-3.984941,1,2.467435,72.689129
RD1685,53.802339,-6.197661,1,2.504519,65.88953
RD1686,65.432382,5.432382,0,2.676642,62.100776
RD1687,65.936426,5.936426,0,3.390446,68.915406
RD1688,69.016764,9.016764,0,2.819346,70.906672
RD1689,54.205553,-5.794447,1,2.786238,65.208228
RD1690,47.779604,-12.220396,1,1.890761,66.189932
RD1691,49.491402,-10.508598,1,3.113184,67.311809
RD1692,56.751635,-3.248365,1,2.668311,73.471116
RD1693,40.000001,-19.999999,1,2.254015,68.130163
RD1694,57.480265,-2.519735,1,2.035961,64.896512
RD1695,61.735936,1.735936,0,3.266121,65.787522
RD1696,65.402086,5.402086,0,3.257811,71.27864
RD1697,59.624453,-0.375547,1,2.225389,71.048504
RD1698,79.999999,19.999999,0,3.731486,81.242051
RD1699,56.629517,-3.370483,1,3.091373,62.971883
RD1700,52.814133,-7.185867,1,2.886618,61.67458
RD1701,72.493348,12.493348,0,2.535362,61.273929
RD1702,74.29313,14.29313,0,2.892855,77.87074
RD1703,50.85051,-9.14949,1,1.701662,79.493498
RD1704,76.742399,16.742399,0,3.42982,88.604133
RD1705,57.552447,-2.447553,1,2.550835,83.205396
RD1706,66.321297,6.321297,0,3.060196,71.608075
RD1707,46.810029,-13.189971,1,1.925325,66.736985
RD1708,70.70729,10.70729,0,3.25897,72.939311
RD1709,58.950052,-1.049948,1,2.788417,72.441807
RD1710,67.047571,7.047571,0,2.931789,76.86314
RD1711,46.81906,-13.18094,1,2.666676,66.783636
RD1712,70.175117,10.175117,0,2.73836,69.245534
RD1713,74.47315,14.47315,0,3.17394,82.199222
RD1714,58.134579,-1.865421,1,2.482676,72.331596
RD1715,43.790355,-16.209645,1,2.357311,69.92815
RD1716,71.283926,11.283926,0,3.016904,74.200026
RD1717,62.376089,2.376089,0,2.526362,74.902075
RD1718,63.890058,3.890058,0,2.956745,71.519086
RD1719,63.643815,3.643815,0,3.197246,81.45257
RD1720,79.14252,19.14252,0,3.603591,73.44768
RD1721,51.815939,-8.184061,1,2.637869,69.451467
RD1722,67.840503,7.840503,0,3.188709,75.504786
RD1723,44.079147,-15.920853,1,2.605129,64.258756
RD1724,56.949562,-3.050438,1,2.653386,67.571454
RD1725,64.332909,4.332909,0,2.938093,59.96782
RD1726,59.133826,-0.866174,1,3.240179,69.892943
RD1727,51.323679,-8.676321,1,2.705475,63.971738
RD1728,54.622713,-5.377287,1,2.143445,69.2628
RD1729,58.993982,-1.006018,1,2.369863,64.796723
RD1730,57.272562,-2.727438,1,2.899409,69.894528
RD1731,79.999999,19.999999,0,3.3212,84.471543
RD1732,55.440995,-4.559005,1,2.879315,70.13585
RD1733,55.124363,-4.875637,1,2.989044,71.099556
RD1734,64.942748,4.942748,0,3.035434,71.466063
RD1735,65.823674,5.823674,0,2.811738,67.987023
RD1736,58.6937,-1.3063,1,2.316479,69.339265
RD1737,71.085368,11.085368,0,3.033244,62.181165
RD1738,76.568779,16.568779,0,3.467852,80.079632
RD1739,44.120916,-15.879084,1,2.756568,56.765874
RD1740,60.935934,0.935934,0,3.167381,58.880028
RD1741,57.677331,-2.322669,1,2.209643,75.294767
RD1742,58.481242,-1.518758,1,3.262735,71.607402
RD1743,52.664712,-7.335288,1,2.438189,66.866628
RD1744,79.999999,19.999999,0,3.555336,78.565006
RD1745,58.443489,-1.556511,1,2.725089,74.002223
RD1746,48.690982,-11.309018,1,1.984871,69.351092
RD1747,68.806384,8.806384,0,3.136377,74.285502
RD1748,54.773095,-5.226905,1,3.115657,63.838978
RD1749,50.795225,-9.204775,1,2.51953,74.027106
RD1750,59.258534,-0.741466,1,2.725269,75.182776
RD1751,67.952152,7.952152,0,3.085614,76.268251
RD1752,42.666639,-17.333361,1,2.523789,65.783267
RD1753,59.616214,-0.383786,1,2.966773,77.817615
RD1754,61.564279,1.564279,0,2.971335,70.432703
RD1755,58.743421,-1.256579,1,3.13458,70.87875
RD1756,61.18039,1.18039,0,2.553221,65.284069
RD1757,79.809178,19.809178,0,4.084086,75.125772
RD1758,63.220588,3.220588,0,3.261842,78.860628
RD1759,77.705611,17.705611,0,3.542206,82.549917
RD1760,61.748079,1.748079,0,2.33173,69.368424
RD1761,53.702901,-6.297099,1,2.465398,70.058024
RD1762,73.310941,13.310941,0,2.798405,80.059813
RD1763,56.323314,-3.676686,1,2.438157,75.41373
RD1764,79.999999,19.999999,0,2.985414,76.502331
RD1765,50.039534,-9.960466,1,2.4726,60.720485
RD1766,62.05108,2.05108,0,2.268922,77.697207
RD1767,52.710122,-7.289878,1,2.744747,71.175126
RD1768,49.672757,-10.327243,1,2.680611,77.021988
RD1769,74.784142,14.784142,0,3.064254,69.761384
RD1770,69.496473,9.496473,0,2.720997,68.079139
RD1771,54.26087,-5.73913,1,2.423194,71.207529
RD1772,45.398731,-14.601269,1,2.563929,65.806199
RD1773,72.674749,12.674749,0,2.685394,74.976423
RD1774,43.469631,-16.530369,1,2.421816,62.320813
RD1775,42.569916,-17.430084,1,2.462828,68.466467
RD1776,40.000001,-19.999999,1,1.591475,66.837554
RD1777,55.134486,-4.865514,1,3.228014,59.641947
RD1778,77.419369,17.419369,0,3.107692,80.918477
RD1779,61.790181,1.790181,0,3.09176,62.154263
RD1780,65.928644,5.928644,0,3.397737,72.715036
RD1781,55.877653,-4.122347,1,2.832695,72.404061
RD1782,52.909273,-7.090727,1,2.429644,67.795501
RD1783,66.727416,6.727416,0,3.423137,70.676689
RD1784,72.281638,12.281638,0,3.086871,74.911279
RD1785,77.782205,17.782205,0,3.385913,75.957909
RD1786,40.37469,-19.62531,1,2.484513,64.315834
RD1787,50.746303,-9.253697,1,2.308766,68.605802
RD1788,70.731768,10.731768,0,3.362591,86.412968
RD1789,46.184109,-13.815891,1,2.520972,65.321869
RD1790,42.965555,-17.034445,1,2.305474,65.155232
RD1791,55.263675,-4.736325,1,2.475659,71.325546
RD1792,52.593713,-7.406287,1,1.733652,68.703757
RD1793,64.635526,4.635526,0,3.286957,78.759802
RD1794,61.940202,1.940202,0,2.120738,75.152473
RD1795,76.381109,16.381109,0,3.225984,81.663975
RD1796,67.802968,7.802968,0,2.481649,74.630096
RD1797,55.091454,-4.908546,1,2.412539,69.10625
RD1798,53.499062,-6.500938,1,3.16261,70.488366
RD1799,65.638406,5.638406,0,2.655921,65.914182
RD1800,44.217728,-15.782272,1,1.890158,68.201448
RD1801,68.543244,8.543244,0,3.300575,78.829521
RD1802,47.581653,-12.418347,1,2.442828,67.534786
RD1803,55.153273,-4.846727,1,2.41271,73.568566
RD1804,76.710631,16.710631,0,2.751856,85.352176
RD1805,52.804532,-7.195468,1,2.518104,67.110095
RD1806,62.199482,2.199482,0,2.909022,70.753874
RD1807,67.928195,7.928195,0,3.152144,72.266041
RD1808,53.594579,-6.405421,1,2.424168,74.701612
RD1809,48.704419,-11.295581,1,2.940663,63.964916
RD1810,53.496659,-6.503341,1,2.796347,60.525844
RD1811,62.582421,2.582421,0,2.513826,73.038782
RD1812,59.339227,-0.660773,1,2.595572,71.008742
RD1813,57.364721,-2.635279,1,2.61156,69.757792
RD1814,60.858602,0.858602,0,2.821248,78.976507
RD1815,54.368256,-5.631744,1,3.29334,70.549319
RD1816,59.893652,-0.106348,1,2.400025,72.432195
RD1817,61.683916,1.683916,0,2.795011,66.654059
RD1818,55.285737,-4.714263,1,2.94931,67.390975
RD1819,62.972071,2.972071,0,2.410984,79.375616
RD1820,45.421206,-14.578794,1,2.408015,70.016559
RD1821,68.746787,8.746787,0,3.154443,70.683594
RD1822,62.181805,2.181805,0,3.106218,66.439994
RD1823,40.000001,-19.999999,1,2.215236,58.586471
RD1824,67.93539,7.93539,0,2.31866,74.368191
RD1825,66.687873,6.687873,0,2.680031,71.279085
RD1826,62.703871,2.703871,0,3.153512,62.796224
RD1827,55.49398,-4.50602,1,2.917642,74.376753
RD1828,56.679148,-3.320852,1,2.497303,68.987597
RD1829,53.760994,-6.239006,1,2.34561,70.458226
RD1830,67.770032,7.770032,0,3.176403,66.364558
RD1831,66.03459,6.03459,0,1.977982,69.884262
RD1832,58.178068,-1.821932,1,2.751485,63.156825
RD1833,54.641857,-5.358143,1,2.59812,62.736019
RD1834,53.503659,-6.496341,1,2.401655,73.752709
RD1835,70.735031,10.735031,0,3.052053,72.524228
RD1836,53.889681,-6.110319,1,2.723301,72.838045
RD1837,74.268749,14.268749,0,3.134795,74.992327
RD1838,59.721016,-0.278984,1,3.230492,71.431555
RD1839,60.706518,0.706518,0,2.236475,64.718664
RD1840,76.702009,16.702009,0,3.184305,74.215527
RD1841,43.137806,-16.862194,1,2.597854,67.294454
RD1842,74.258431,14.258431,0,2.960807,72.895041
RD1843,60.874648,0.874648,0,2.723261,64.589322
RD1844,52.266258,-7.733742,1,1.951349,73.491693
RD1845,53.197935,-6.802065,1,2.684083,68.390012
RD1846,69.466178,9.466178,0,3.461,72.481385
RD1847,71.651844,11.651844,0,2.97086,69.675229
RD1848,62.711042,2.711042,0,3.085352,75.032865
RD1849,63.963838,3.963838,0,3.101181,66.515853
RD1850,57.202766,-2.797234,1,2.695168,77.292232
RD1851,44.837491,-15.162509,1,2.424078,68.655512
RD1852,55.003726,-4.996274,1,2.095687,64.577346
RD1853,68.876292,8.876292,0,2.692918,71.72345
RD1854,40.000001,-19.999999,1,2.277532,67.408369
RD1855,59.076456,-0.923544,1,2.929863,74.324098
RD1856,73.564655,13.564655,0,2.988184,79.447988
RD1857,63.243513,3.243513,0,3.208208,76.687578
RD1858,51.021242,-8.978758,1,2.71988,71.003928
RD1859,66.617243,6.617243,0,2.953414,77.995957
RD1860,79.999999,19.999999,0,3.183242,84.932865
RD1861,60.502204,0.502204,0,2.359529,67.957425
RD1862,40.000001,-19.999999,1,1.91156,64.602129
RD1863,59.244725,-0.755275,1,2.071561,71.232394
RD1864,79.999999,19.999999,0,3.053663,81.42112
RD1865,59.567426,-0.432574,1,2.462979,72.341881
RD1866,40.000001,-19.999999,1,2.471482,67.667786
RD1867,62.937096,2.937096,0,2.497575,67.688389
RD1868,59.001768,-0.998232,1,2.527912,76.906207
RD1869,64.783325,4.783325,0,3.095377,72.843103
RD1870,59.607325,-0.392675,1,2.49969,63.433036
RD1871,61.783024,1.783024,0,2.870891,67.279506
RD1872,75.037234,15.037234,0,2.574568,74.350855
RD1873,65.28052,5.28052,0,2.556729,69.46483
RD1874,57.122854,-2.877146,1,2.222541,66.613198
RD1875,43.679935,-16.320065,1,2.089027,65.932274
RD1876,52.603044,-7.396956,1,2.981563,61.364663
RD1877,59.444547,-0.555453,1,2.503158,69.385666
RD1878,64.953665,4.953665,0,2.9409,71.410883
RD1879,46.10351,-13.89649,1,2.408149,56.458471
RD1880,47.645561,-12.354439,1,2.497405,76.392071
RD1881,47.430673,-12.569327,1,2.099478,64.69983
RD1882,50.405802,-9.594198,1,2.881519,72.733627
RD1883,79.999999,19.999999,0,3.81959,85.81378
RD1884,79.999999,19.999999,0,3.340347,87.333205
RD1885,73.338047,13.338047,0,2.592984,83.290109
RD1886,65.167037,5.167037,0,3.443872,63.591292
RD1887,77.609081,17.609081,0,3.734923,87.110533
RD1888,40.000001,-19.999999,1,2.531638,70.157726
RD1889,61.969918,1.969918,0,3.117638,72.609266
RD1890,57.805306,-2.194694,1,2.408719,65.094366
RD1891,55.041719,-4.958281,1,3.158851,60.935301
RD1892,67.22581,7.22581,0,2.626095,77.024145
RD1893,66.305691,6.305691,0,2.289558,59.879747
RD1894,66.744924,6.744924,0,3.436025,70.736956
RD1895,40.775367,-19.224633,1,2.391944,74.413329
RD1896,53.78999,-6.21001,1,2.745067,72.7909
RD1897,60.947731,0.947731,0,3.20243,70.924151
RD1898,61.475054,1.475054,0,3.311367,73.203771
RD1899,67.519375,7.519375,0,2.934791,68.878562
RD1900,79.829416,19.829416,0,2.944913,75.413557
RD1901,56.590836,-3.409164,1,3.341815,73.110729
RD1902,60.560504,0.560504,0,2.690073,68.300665
RD1903,50.135741,-9.864259,1,2.497567,66.799251
RD1904,54.786061,-5.213939,1,2.652005,63.773547
RD1905,70.949242,10.949242,0,3.168978,77.836851
RD1906,64.672241,4.672241,0,2.64775,65.181771
RD1907,69.240169,9.240169,0,2.695462,75.790859
RD1908,48.575022,-11.424978,1,2.339097,57.150004
RD1909,53.34055,-6.65945,1,3.34812,71.983663
RD1910,57.676428,-2.323572,1,2.758874,75.698092
RD1911,56.492329,-3.507671,1,2.901268,73.976899
RD1912,61.271559,1.271559,0,2.496869,56.170832
RD1913,52.979748,-7.020252,1,2.637998,64.489189
RD1914,50.920477,-9.079523,1,2.440069,63.557045
RD1915,64.398529,4.398529,0,2.660164,69.539155
RD1916,44.754649,-15.245351,1,2.081827,60.454553
RD1917,64.587567,4.587567,0,2.810052,63.334078
RD1918,57.558131,-2.441869,1,2.616562,73.940281
RD1919,57.152236,-2.847764,1,2.433373,65.159797
RD1920,66.45489,6.45489,0,2.615089,62.629813
RD1921,56.320348,-3.679652,1,2.881985,65.510777
RD1922,51.634029,-8.365971,1,2.173351,71.4464
RD1923,51.510498,-8.489502,1,1.808016,60.633526
RD1924,57.104183,-2.895817,1,2.569688,67.211204
RD1925,40.000001,-19.999999,1,2.512198,55.461261
RD1926,62.488847,2.488847,0,3.284759,74.269133
RD1927,78.276129,18.276129,0,2.804218,80.678278
RD1928,52.929612,-7.070388,1,2.195381,71.855939
RD1929,44.085888,-15.914112,1,2.097588,62.610837
RD1930,68.806525,8.806525,0,2.907656,65.594995
RD1931,57.165042,-2.834958,1,2.665213,68.809582
RD1932,58.156803,-1.843197,1,2.873541,68.884697
RD1933,66.796905,6.796905,0,3.111872,68.559999
RD1934,61.000243,1.000243,0,2.11591,69.335127
RD1935,51.594463,-8.405537,1,2.579293,68.692313
RD1936,75.518683,15.518683,0,2.66222,70.855541
RD1937,66.537785,6.537785,0,2.696867,71.339905
RD1938,57.578786,-2.421214,1,2.835028,68.27128
RD1939,65.561508,5.561508,0,2.998347,64.565936
RD1940,69.062504,9.062504,0,2.786851,76.342092
RD1941,60.785353,0.785353,0,2.75442,70.754698
RD1942,62.801246,2.801246,0,2.848781,72.263786
RD1943,40.000001,-19.999999,1,2.36717,70.349347
RD1944,40.000001,-19.999999,1,1.974712,64.837392
RD1945,57.816872,-2.183128,1,2.564365,68.372858
RD1946,78.306199,18.306199,0,2.679253,81.599887
RD1947,65.011661,5.011661,0,2.573611,69.185812
RD1948,66.604514,6.604514,0,2.178752,71.560152
RD1949,53.088226,-6.911774,1,2.911453,73.011959
RD1950,63.604543,3.604543,0,2.650371,63.543742
RD1951,68.928755,8.928755,0,2.766059,72.055792
RD1952,78.290819,18.290819,0,3.334393,70.35131
RD1953,79.999999,19.999999,0,3.118074,87.086348
RD1954,60.457519,0.457519,0,2.455723,67.217122
RD1955,67.289314,7.289314,0,3.367133,76.275055
RD1956,40.000001,-19.999999,1,2.208077,67.49045
RD1957,73.282263,13.282263,0,2.64418,82.356122
RD1958,53.183211,-6.816789,1,2.244915,66.42956
RD1959,65.675247,5.675247,0,2.707365,75.695487
RD1960,58.568197,-1.431803,1,2.260596,71.304946
RD1961,56.936049,-3.063951,1,3.023068,71.969768
RD1962,56.854623,-3.145377,1,2.47181,70.476813
RD1963,54.117193,-5.882807,1,3.034061,62.974229
RD1964,66.026999,6.026999,0,2.576923,72.431568
RD1965,58.664092,-1.335908,1,1.742763,68.283214
RD1966,51.960266,-8.039734,1,2.490367,74.586516
RD1967,56.343548,-3.656452,1,2.562838,67.446468
RD1968,65.597559,5.597559,0,2.436098,73.248114
RD1969,49.453813,-10.546187,1,2.2844,61.227483
RD1970,50.980443,-9.019557,1,2.726558,73.383902
RD1971,45.153922,-14.846078,1,2.560925,75.442889
RD1972,56.714251,-3.285749,1,2.801689,77.898814
RD1973,58.214758,-1.785242,1,2.993377,68.192866
RD1974,58.265385,-1.734615,1,3.291307,68.111918
RD1975,53.274451,-6.725549,1,2.479397,64.053768
RD1976,55.315655,-4.684345,1,3.047792,70.31829
RD1977,68.899673,8.899673,0,2.812351,74.919721
RD1978,54.658795,-5.341205,1,2.260249,65.589399
RD1979,48.23156,-11.76844,1,1.957226,63.731815
RD1980,61.109726,1.109726,0,2.474538,63.13383
RD1981,52.791899,-7.208101,1,2.546806,67.009642
RD1982,59.185334,-0.814666,1,2.835051,71.785409
RD1983,41.454561,-18.545439,1,2.219511,74.071974
RD1984,59.373496,-0.626504,1,2.498238,60.96866
RD1985,64.837326,4.837326,0,2.779311,75.672959
RD1986,62.687645,2.687645,0,3.142839,78.277168
RD1987,46.202758,-13.797242,1,2.997734,67.282222
RD1988,76.12749,16.12749,0,3.260743,80.114759
RD1989,49.819079,-10.180921,1,2.551131,57.808058
RD1990,52.484983,-7.515017,1,2.610221,70.35342
RD1991,59.301728,-0.698272,1,3.288785,71.479682
RD1992,47.206666,-12.793334,1,2.269897,65.447476
RD1993,47.727954,-12.272046,1,2.409084,69.649016
RD1994,67.346579,7.346579,0,2.667975,72.473532
RD1995,64.802997,4.802997,0,2.913052,64.445951
RD1996,55.530412,-4.469588,1,2.630908,71.065576
RD1997,70.365897,10.365897,0,2.830611,77.432785
RD1998,47.095122,-12.904878,1,2.456055,63.885777
RD1999,64.108639,4.108639,0,2.872088,59.829148
RD2000,46.945529,-13.054471,1,2.790753,67.061279
RD2001,59.588246,-0.411754,1,2.481086,72.840388
RD2002,57.655924,-2.344076,1,2.328121,65.858856
RD2003,54.803576,-5.196424,1,2.567104,63.509788
RD2004,53.368573,-6.631427,1,2.989855,71.867083
RD2005,76.056864,16.056864,0,3.633687,78.27625
RD2006,46.245265,-13.754735,1,2.111746,60.273049
RD2007,53.598399,-6.401601,1,2.143619,66.235918
RD2008,71.19023,11.19023,0,2.648632,68.352904
RD2009,72.645792,12.645792,0,2.897457,79.094438
RD2010,56.077324,-3.922676,1,3.120351,59.973187
RD2011,66.043939,6.043939,0,2.900567,73.825066
RD2012,54.660684,-5.339316,1,2.737065,66.367322
RD2013,70.224789,10.224789,0,3.415566,77.741148
RD2014,79.726924,19.726924,0,3.172453,81.145321
RD2015,50.717203,-9.282797,1,2.233431,64.642815
RD2016,48.583285,-11.416715,1,2.665144,63.404658
RD2017,63.141052,3.141052,0,2.377256,73.42926
RD2018,76.343781,16.343781,0,2.962632,75.897941
RD2019,73.313838,13.313838,0,3.290175,75.490903
RD2020,43.146238,-16.853762,1,2.196872,59.809131
RD2021,49.390204,-10.609796,1,1.849505,64.038767
RD2022,48.42843,-11.57157,1,1.919631,75.633954
RD2023,51.706473,-8.293527,1,2.544126,68.368921
RD2024,53.651279,-6.348721,1,2.579424,75.465441
RD2025,55.938064,-4.061936,1,2.78735,68.805954
RD2026,69.034337,9.034337,0,3.7074,84.594387
RD2027,78.073586,18.073586,0,2.836966,87.871019
RD2028,78.010763,18.010763,0,3.192977,88.202493
RD2029,71.628294,11.628294,0,2.946712,75.212602
RD2030,51.401953,-8.598047,1,2.192948,68.920367
RD2031,56.389438,-3.610562,1,2.960543,64.316426
RD2032,64.703298,4.703298,0,3.033155,68.35067
RD2033,49.732301,-10.267699,1,1.927685,71.961681
RD2034,56.319476,-3.680524,1,2.512035,67.40393
RD2035,62.342864,2.342864,0,2.218912,67.160059
RD2036,41.410943,-18.589057,1,2.407543,65.017049
RD2037,62.670281,2.670281,0,3.088507,68.139193
RD2038,58.418293,-1.581707,1,2.532714,67.021927
RD2039,56.399218,-3.600782,1,2.173666,72.557662
RD2040,67.23596,7.23596,0,3.204494,68.779091
RD2041,45.865316,-14.134684,1,2.170645,67.675943
RD2042,61.608565,1.608565,0,3.411114,68.990333
RD2043,69.641148,9.641148,0,2.910016,70.230593
RD2044,67.916876,7.916876,0,2.924223,71.814609
RD2045,62.8305,2.8305,0,2.562704,77.464983
RD2046,55.723825,-4.276175,1,2.991844,64.839096
RD2047,54.915151,-5.084849,1,2.55719,68.053418
RD2048,62.482559,2.482559,0,2.245486,63.013493
RD2049,63.064643,3.064643,0,2.619463,69.937133
RD2050,56.946519,-3.053481,1,2.753445,69.179506
RD2051,70.533343,10.533343,0,2.751919,69.08018
RD2052,66.559738,6.559738,0,2.776864,71.286992
RD2053,72.396659,12.396659,0,3.006285,79.344006
RD2054,66.768528,6.768528,0,3.26637,63.524449
RD2055,74.192218,14.192218,0,2.832969,75.211887
RD2056,55.864826,-4.135174,1,2.507094,69.12398
RD2057,62.296013,2.296013,0,2.828449,69.911285
RD2058,56.586191,-3.413809,1,2.716771,68.183398
RD2059,49.75576,-10.24424,1,2.239997,65.706475
RD2060,66.017921,6.017921,0,2.758935,78.0812
RD2061,72.100535,12.100535,0,3.062494,74.469711
RD2062,63.711645,3.711645,0,2.829328,66.370127
RD2063,61.189133,1.189133,0,2.994347,74.167859
RD2064,48.643291,-11.356709,1,2.206751,66.798839
RD2065,55.314626,-4.685374,1,2.802557,77.238007
RD2066,49.087283,-10.912717,1,2.343919,69.709751
RD2067,63.933565,3.933565,0,2.838666,75.803322
RD2068,58.676993,-1.323007,1,2.714768,61.804171
RD2069,79.999999,19.999999,0,3.164768,81.947686
RD2070,47.896087,-12.103913,1,2.330263,65.570626
RD2071,56.797707,-3.202293,1,2.719086,62.953535
RD2072,57.749109,-2.250891,1,2.778058,76.678914
RD2073,57.614463,-2.385537,1,2.749771,65.995385
RD2074,60.169582,0.169582,0,2.716491,75.654202
RD2075,50.953753,-9.046247,1,2.431842,61.731244
RD2076,61.791256,1.791256,0,2.784857,63.806342
RD2077,50.579026,-9.420974,1,2.841912,72.133074
RD2078,51.288455,-8.711545,1,2.435011,59.700381
RD2079,45.419496,-14.580504,1,2.11349,64.161902
RD2080,51.709814,-8.290186,1,2.5326,66.576667
RD2081,79.999999,19.999999,0,2.796667,75.672043
RD2082,73.926622,13.926622,0,3.077718,78.15504
RD2083,62.101401,2.101401,0,3.2798,71.384809
RD2084,52.202144,-7.797856,1,2.785375,70.733275
RD2085,45.708033,-14.291967,1,2.122632,62.545026
RD2086,42.138628,-17.861372,1,2.438118,62.66946
RD2087,60.423063,0.423063,0,2.737159,70.109334
RD2088,67.459692,7.459692,0,2.721778,74.659834
RD2089,47.456553,-12.543447,1,2.425318,65.979689
RD2090,69.422624,9.422624,0,2.688388,68.397891
RD2091,45.555268,-14.444732,1,1.914015,62.12498
RD2092,40.000001,-19.999999,1,2.303023,77.203603
RD2093,72.329221,12.329221,0,3.433398,72.270709
RD2094,61.133309,1.133309,0,2.636142,68.671403
RD2095,68.65129,8.65129,0,2.571883,67.531957
RD2096,55.69232,-4.30768,1,2.086474,72.400297
RD2097,44.66457,-15.33543,1,2.729623,67.893456
RD2098,53.557296,-6.442704,1,2.77354,67.244428
RD2099,67.802813,7.802813,0,2.72009,74.954096
RD2100,60.629556,0.629556,0,2.972584,72.392888
RD2101,56.540145,-3.459855,1,2.483381,73.731282
RD2102,57.951521,-2.048479,1,2.665752,59.63393
RD2103,66.355356,6.355356,0,2.883012,73.313323
RD2104,64.593368,4.593368,0,2.873235,69.023649
RD2105,46.500277,-13.499723,1,2.369488,69.511257
RD2106,50.449367,-9.550633,1,2.479213,68.509905
RD2107,49.68986,-10.31014,1,2.259721,69.566536
RD2108,42.675438,-17.324562,1,2.477334,56.51258
RD2109,55.195826,-4.804174,1,2.596249,77.820712
RD2110,51.570253,-8.429747,1,2.584294,69.658176
RD2111,78.188965,18.188965,0,3.202376,82.819742
RD2112,49.694899,-10.305101,1,2.590138,65.367012
RD2113,72.558795,12.558795,0,2.538678,63.516082
RD2114,74.469398,14.469398,0,2.930406,65.760977
RD2115,53.026772,-6.973228,1,2.547681,69.908494
RD2116,56.211686,-3.788314,1,2.76648,67.776595
RD2117,60.671342,0.671342,0,2.808091,70.931356
RD2118,69.164075,9.164075,0,2.873847,64.277465
RD2119,63.55395,3.55395,0,3.127967,73.78953
RD2120,65.446542,5.446542,0,3.270746,57.329255
RD2121,66.958431,6.958431,0,3.156176,67.268615
RD2122,64.141734,4.141734,0,3.38729,69.420897
RD2123,60.727886,0.727886,0,2.498943,69.964265
RD2124,46.046897,-13.953103,1,2.013967,70.652094
RD2125,61.285372,1.285372,0,2.427285,64.895705
RD2126,57.101861,-2.898139,1,2.512454,70.462264
RD2127,46.978806,-13.021194,1,2.233336,70.219601
RD2128,61.977479,1.977479,0,3.22082,67.0068
RD2129,73.921402,13.921402,0,2.910131,63.092997
RD2130,79.168924,19.168924,0,3.218939,82.49839
RD2131,60.869617,0.869617,0,2.654397,62.587116
RD2132,65.433826,5.433826,0,2.44096,74.844609
RD2133,41.097753,-18.902247,1,2.405088,85.58935
RD2134,57.786113,-2.213887,1,2.41767,71.262189
RD2135,56.003084,-3.996916,1,3.12418,68.319376
RD2136,70.736747,10.736747,0,3.103075,73.390794
RD2137,62.910322,2.910322,0,3.033995,62.83467
RD2138,43.114888,-16.885112,1,2.39356,67.057704
RD2139,50.706064,-9.293936,1,2.373814,66.306996
RD2140,63.003658,3.003658,0,2.92121,66.214216
RD2141,44.265402,-15.734598,1,2.090467,61.843708
RD2142,43.037562,-16.962438,1,2.41305,65.656539
RD2143,56.480775,-3.519225,1,2.487403,66.879494
RD2144,66.456053,6.456053,0,3.202268,67.939336
RD2145,49.771917,-10.228083,1,2.654012,57.768923
RD2146,70.143871,10.143871,0,2.870187,72.621389
RD2147,77.077101,17.077101,0,3.282298,73.596129
RD2148,49.199081,-10.800919,1,2.312811,67.814901
RD2149,69.738468,9.738468,0,3.168317,72.865622
RD2150,54.857803,-5.142197,1,2.826472,65.754235
RD2151,55.66098,-4.33902,1,2.656151,63.977199
RD2152,53.642895,-6.357105,1,2.443139,62.295126
RD2153,56.22792,-3.77208,1,2.88885,73.062162
RD2154,71.657664,11.657664,0,2.930742,65.927113
RD2155,60.516642,0.516642,0,3.128683,69.83798
RD2156,54.430381,-5.569619,1,2.435121,67.707577
RD2157,57.919669,-2.080331,1,2.511813,71.417172
RD2158,49.36726,-10.63274,1,2.494807,74.843692
RD2159,49.859705,-10.140295,1,2.117859,61.760265
RD2160,51.424442,-8.575558,1,2.41714,70.14926
RD2161,48.311918,-11.688082,1,2.370311,65.431852
RD2162,73.586677,13.586677,0,3.255525,80.181734
RD2163,66.91261,6.91261,0,2.773102,76.541176
RD2164,55.046511,-4.953489,1,2.4245,65.540048
RD2165,71.489041,11.489041,0,2.516272,79.668009
RD2166,69.513969,9.513969,0,3.326031,75.675263
RD2167,44.63623,-15.36377,1,1.977034,62.291196
RD2168,68.79448,8.79448,0,3.018704,67.909206
RD2169,60.102821,0.102821,0,2.991031,61.66945
RD2170,64.331059,4.331059,0,2.704497,77.399682
RD2171,58.551757,-1.448243,1,2.450295,66.295154
RD2172,50.151231,-9.848769,1,2.576496,74.958664
RD2173,68.348597,8.348597,0,2.896877,65.256008
RD2174,57.72687,-2.27313,1,2.960901,73.634735
RD2175,67.905246,7.905246,0,2.590657,81.288939
RD2176,63.289806,3.289806,0,2.33703,68.994201
RD2177,67.656491,7.656491,0,2.854469,68.74263
RD2178,53.911192,-6.088808,1,2.267295,63.823155
RD2179,52.659678,-7.340322,1,2.636024,73.36418
RD2180,57.598121,-2.401879,1,2.132664,65.697077
RD2181,40.000001,-19.999999,1,1.598331,67.664103
RD2182,67.696105,7.696105,0,2.799167,65.236524
RD2183,58.867571,-1.132429,1,3.010893,76.987437
RD2184,40.000001,-19.999999,1,2.062792,61.132832
RD2185,47.708807,-12.291193,1,2.014878,59.220716
RD2186,53.66091,-6.33909,1,2.608008,72.223224
RD2187,64.235098,4.235098,0,2.297542,64.826107
RD2188,41.978813,-18.021187,1,2.371179,56.953672
RD2189,48.984631,-11.015369,1,2.567984,62.70254
RD2190,74.301563,14.301563,0,3.232718,83.03041
RD2191,55.760872,-4.239128,1,2.473333,72.842309
RD2192,73.432503,13.432503,0,3.143198,79.019856
RD2193,59.18731,-0.81269,1,2.570564,66.199071
RD2194,68.419717,8.419717,0,2.4767,73.701422
RD2195,47.730093,-12.269907,1,3.21307,60.911413
RD2196,74.468766,14.468766,0,3.392617,72.277272
RD2197,60.029531,0.029531,0,2.222643,58.834572
RD2198,50.729989,-9.270011,1,3.119376,68.977824
RD2199,51.49944,-8.50056,1,2.113772,73.959353
RD2200,66.858842,6.858842,0,2.616448,77.578743
RD2201,41.07591,-18.92409,1,2.264877,67.855137
RD2202,75.543377,15.543377,0,2.807211,79.558324
RD2203,68.91983,8.91983,0,2.793382,68.052826
RD2204,54.812015,-5.187985,1,2.449874,74.857876
RD2205,72.044722,12.044722,0,2.829544,69.533841
RD2206,56.285404,-3.714596,1,2.759323,68.67022
RD2207,51.128282,-8.871718,1,2.205789,76.462533
RD2208,57.016486,-2.983514,1,2.545763,60.233994
RD2209,52.408119,-7.591881,1,3.095111,65.375025
RD2210,64.706291,4.706291,0,2.726634,75.896378
RD2211,63.220148,3.220148,0,2.777518,67.156566
RD2212,65.220442,5.220442,0,3.314942,69.594494
RD2213,70.788286,10.788286,0,2.846742,68.603908
RD2214,69.508464,9.508464,0,3.63959,63.576104
RD2215,62.224981,2.224981,0,2.872655,65.056432
RD2216,54.004433,-5.995567,1,2.210323,73.418175
RD2217,62.205236,2.205236,0,3.605061,70.185298
RD2218,64.745025,4.745025,0,2.684346,60.095942
RD2219,61.136282,1.136282,0,2.394588,62.589331
RD2220,70.323954,10.323954,0,3.049363,81.011631
RD2221,66.096165,6.096165,0,3.150445,72.795785
RD2222,55.554246,-4.445754,1,2.955364,67.257375
RD2223,59.864052,-0.135948,1,2.960977,63.862863
RD2224,62.738683,2.738683,0,3.172995,62.93286
RD2225,59.440524,-0.559476,1,3.009223,73.901199
RD2226,60.382929,0.382929,0,3.59497,70.914625
RD2227,54.497876,-5.502124,1,2.988557,72.519287
RD2228,53.728634,-6.271366,1,2.501197,67.560489
RD2229,58.857185,-1.142815,1,2.252711,64.904325
RD2230,61.468907,1.468907,0,2.661389,74.456014
RD2231,43.641462,-16.358538,1,1.791577,65.379985
RD2232,57.226887,-2.773113,1,1.958883,71.336861
RD2233,51.994772,-8.005228,1,2.768017,68.225432
RD2234,59.703816,-0.296184,1,2.689837,77.738517
RD2235,44.726467,-15.273533,1,2.469969,66.794021
RD2236,63.276237,3.276237,0,3.078669,70.749346
RD2237,63.503019,3.503019,0,3.232585,75.855874
RD2238,49.371385,-10.628615,1,2.728633,63.126211
RD2239,60.91975,0.91975,0,2.557192,63.874331
RD2240,76.522957,16.522957,0,3.568143,76.558076
RD2241,63.19744,3.19744,0,2.980963,64.819381
RD2242,53.193149,-6.806851,1,3.329398,61.296421
RD2243,75.62284,15.62284,0,3.474307,79.416226
RD2244,71.442755,11.442755,0,2.96667,66.509255
RD2245,62.577202,2.577202,0,2.819791,70.318367
RD2246,62.87056,2.87056,0,2.925962,64.811154
RD2247,55.306705,-4.693295,1,2.683842,66.497438
RD2248,49.470218,-10.529782,1,2.15148,66.595946
RD2249,63.658326,3.658326,0,2.869817,71.226211
RD2250,65.719304,5.719304,0,2.484617,73.007781
RD2251,58.837974,-1.162026,1,2.831708,82.247944
RD2252,61.023358,1.023358,0,2.856059,60.151265
RD2253,57.494563,-2.505437,1,2.496743,72.488553
RD2254,57.93781,-2.06219,1,2.476047,65.552486
RD2255,59.99341,-0.00659,1,2.52989,73.002272
RD2256,53.678008,-6.321992,1,2.64551,72.823658
RD2257,51.4975,-8.5025,1,2.33946,70.828226
RD2258,67.234138,7.234138,0,2.432058,62.237023
RD2259,64.861756,4.861756,0,2.489541,66.798267
RD2260,60.353288,0.353288,0,2.214027,66.122961
RD2261,72.752281,12.752281,0,3.024244,74.266529
RD2262,54.929706,-5.070294,1,2.06239,63.990419
RD2263,58.820308,-1.179692,1,2.502781,67.070848
RD2264,58.222397,-1.777603,1,2.563389,73.007971
RD2265,55.438678,-4.561322,1,2.928553,69.82602
RD2266,44.828147,-15.171853,1,1.987653,65.435492
RD2267,76.060455,16.060455,0,3.101718,78.538893
RD2268,43.716688,-16.283312,1,2.167548,59.086287
RD2269,52.993047,-7.006953,1,2.91194,68.514097
RD2270,66.019583,6.019583,0,2.948101,67.390561
RD2271,57.38125,-2.61875,1,2.053006,76.702942
RD2272,50.167174,-9.832826,1,2.111056,69.931657
RD2273,48.374596,-11.625404,1,1.945087,66.186459
RD2274,63.35335,3.35335,0,3.121906,72.641155
RD2275,60.549795,0.549795,0,2.448294,65.791426
RD2276,40.000001,-19.999999,1,2.335307,63.47169
RD2277,61.378005,1.378005,0,2.534352,66.987455
RD2278,59.684605,-0.315395,1,1.972816,81.842108
RD2279,70.185792,10.185792,0,3.097112,68.213396
RD2280,77.920677,17.920677,0,3.311612,78.057065
RD2281,73.531871,13.531871,0,3.233829,75.304587
RD2282,41.064357,-18.935643,1,2.050956,62.768262
RD2283,70.26027,10.26027,0,2.856461,79.04894
RD2284,45.033786,-14.966214,1,2.35565,67.227499
RD2285,43.495137,-16.504863,1,2.725512,65.269222
RD2286,43.768878,-16.231122,1,2.025217,65.503318
RD2287,67.73089,7.73089,0,2.728579,63.120308
RD2288,66.681828,6.681828,0,3.498084,68.539445
RD2289,60.622136,0.622136,0,3.014783,61.201908
RD2290,62.961634,2.961634,0,2.963734,75.827011
RD2291,59.158602,-0.841398,1,2.243298,66.264394
RD2292,72.503193,12.503193,0,2.546222,67.905672
RD2293,45.413686,-14.586314,1,2.579265,71.752706
RD2294,77.065675,17.065675,0,3.08846,72.083498
RD2295,53.324925,-6.675075,1,2.382693,71.638663
RD2296,77.086362,17.086362,0,2.397742,65.998598
RD2297,71.523019,11.523019,0,2.370887,65.062266
RD2298,56.517054,-3.482946,1,2.454134,63.102144
RD2299,41.348876,-18.651124,1,2.518154,70.498397
RD2300,58.005974,-1.994026,1,2.654475,61.875727
RD2301,47.399763,-12.600237,1,2.158263,59.733078
RD2302,63.859462,3.859462,0,2.821906,71.481272
RD2303,66.018623,6.018623,0,2.767573,53.757336
RD2304,60.525616,0.525616,0,2.746524,58.965626
RD2305,66.576781,6.576781,0,3.06184,67.557251
RD2306,53.869865,-6.130135,1,2.565543,70.073363
RD2307,57.335167,-2.664833,1,2.811466,74.185294
RD2308,71.830001,11.830001,0,2.883401,76.341315
RD2309,62.85606,2.85606,0,2.269708,63.986813
RD2310,69.147491,9.147491,0,3.362996,75.271226
RD2311,67.840436,7.840436,0,2.638132,66.218948
RD2312,59.950977,-0.049023,1,2.986611,65.529486
RD2313,58.177452,-1.822548,1,2.147324,71.164597
RD2314,63.798606,3.798606,0,2.710427,57.086642
RD2315,65.726189,5.726189,0,2.910326,69.813379
RD2316,68.156944,8.156944,0,2.900194,71.172349
RD2317,62.233032,2.233032,0,2.50751,62.514739
RD2318,60.228289,0.228289,0,2.302613,64.318266
RD2319,40.000001,-19.999999,1,1.958816,75.439724
RD2320,63.065983,3.065983,0,2.758371,68.956993
RD2321,50.55441,-9.44559,1,2.054887,64.557033
RD2322,61.987984,1.987984,0,2.78903,68.673577
RD2323,49.481463,-10.518537,1,2.292501,60.381036
RD2324,62.712612,2.712612,0,1.851368,67.401482
RD2325,79.999999,19.999999,0,3.290324,80.30061
RD2326,42.908529,-17.091471,1,2.305572,67.09698
RD2327,67.047304,7.047304,0,3.12521,75.211821
RD2328,76.19252,16.19252,0,2.878818,83.093344
RD2329,63.389507,3.389507,0,2.848206,58.805818
RD2330,55.38411,-4.61589,1,2.608894,64.304142
RD2331,54.848523,-5.151477,1,2.638166,70.468067
RD2332,40.21752,-19.78248,1,2.521023,65.926121
RD2333,42.001891,-17.998109,1,2.502993,67.717142
RD2334,63.785186,3.785186,0,2.936721,61.353034
RD2335,67.399879,7.399879,0,2.955132,69.254551
RD2336,58.496915,-1.503085,1,2.857515,69.54539
RD2337,52.174252,-7.825748,1,3.058206,71.397964
RD2338,58.042603,-1.957397,1,2.791841,82.247522
RD2339,65.071931,5.071931,0,2.991804,63.815598
RD2340,77.222486,17.222486,0,2.856428,83.153525
RD2341,56.367471,-3.632529,1,2.177894,61.456074
RD2342,45.936557,-14.063443,1,2.173679,62.996893
RD2343,73.0827,13.0827,0,2.848543,71.131056
RD2344,59.873813,-0.126187,1,2.519877,67.093812
RD2345,50.569547,-9.430453,1,2.807823,65.561904
RD2346,40.000001,-19.999999,1,1.86976,64.684504
RD2347,79.845919,19.845919,0,3.167784,79.054963
RD2348,53.620107,-6.379893,1,2.362571,73.780102
RD2349,67.209865,7.209865,0,3.191242,74.109547
RD2350,70.662991,10.662991,0,2.918439,67.981991
RD2351,76.841143,16.841143,0,3.410981,81.121903
RD2352,59.967381,-0.032619,1,2.732849,76.525396
RD2353,51.518843,-8.481157,1,2.577706,75.741499
RD2354,57.92698,-2.07302,1,2.366593,70.424163
RD2355,58.359574,-1.640426,1,2.337416,67.964406
RD2356,70.921132,10.921132,0,2.839974,88.782329
RD2357,61.778729,1.778729,0,2.499131,69.729437
RD2358,73.347498,13.347498,0,2.791237,70.615802
RD2359,79.999999,19.999999,0,3.745139,85.563442
RD2360,66.887481,6.887481,0,3.712987,75.694912
RD2361,71.562061,11.562061,0,2.558388,77.57009
RD2362,69.592696,9.592696,0,3.517246,76.900391
RD2363,56.858652,-3.141348,1,2.880226,77.024342
RD2364,69.265265,9.265265,0,3.206379,71.932923
RD2365,57.221563,-2.778437,1,2.473761,65.497684
RD2366,74.735154,14.735154,0,3.741965,78.974691
RD2367,61.671937,1.671937,0,3.171808,60.387744
RD2368,79.059656,19.059656,0,3.174935,78.538685
RD2369,44.626443,-15.373557,1,2.546388,71.645664
RD2370,54.689265,-5.310735,1,2.582715,70.860019
RD2371,54.379735,-5.620265,1,2.543823,75.740026
RD2372,63.679816,3.679816,0,2.847322,71.128388
RD2373,50.626699,-9.373301,1,2.68365,72.359258
RD2374,48.675339,-11.324661,1,2.634288,71.836406
RD2375,67.803325,7.803325,0,2.624311,67.655292
RD2376,40.000001,-19.999999,1,2.613921,65.630407
RD2377,61.153188,1.153188,0,2.854213,69.954979
RD2378,46.738494,-13.261506,1,2.400685,63.012638
RD2379,54.674955,-5.325045,1,2.574913,67.528592
RD2380,53.874794,-6.125206,1,2.27297,68.286754
RD2381,70.039726,10.039726,0,2.93693,69.783707
RD2382,48.595624,-11.404376,1,2.54606,64.757414
RD2383,70.921401,10.921401,0,2.689903,70.57235
RD2384,64.550564,4.550564,0,2.702491,69.755748
RD2385,66.555576,6.555576,0,2.948864,63.652064
RD2386,46.771955,-13.228045,1,2.808278,69.55405
RD2387,62.294566,2.294566,0,2.730431,63.515071
RD2388,53.730956,-6.269044,1,2.501624,75.672336
RD2389,61.652052,1.652052,0,2.572603,61.013079
RD2390,50.326171,-9.673829,1,2.627596,61.38133
RD2391,50.898301,-9.101699,1,2.254212,72.03662
RD2392,52.98226,-7.01774,1,3.192052,72.371708
RD2393,44.954293,-15.045707,1,2.135912,69.878258
RD2394,64.299236,4.299236,0,2.59926,71.341172
RD2395,77.626055,17.626055,0,3.476072,80.367009
RD2396,52.967024,-7.032976,1,2.082366,74.212707
RD2397,58.795057,-1.204943,1,2.935524,72.48785
RD2398,57.452067,-2.547933,1,2.677046,72.026294
RD2399,55.882141,-4.117859,1,2.627253,70.968357
RD2400,40.000001,-19.999999,1,2.694721,70.550637
RD2401,66.191479,6.191479,0,3.029226,65.119879
RD2402,63.734345,3.734345,0,2.101374,70.377194
RD2403,62.058259,2.058259,0,2.935622,60.900883
RD2404,70.096003,10.096003,0,3.17696,82.519067
RD2405,57.012273,-2.987727,1,2.492455,65.560114
RD2406,73.978963,13.978963,0,3.747343,77.335834
RD2407,57.557166,-2.442834,1,2.759319,78.170082
RD2408,49.947746,-10.052254,1,2.443161,59.57999
RD2409,52.442517,-7.557483,1,3.094621,71.893545
RD2410,60.181472,0.181472,0,2.415016,66.944899
RD2411,48.40294,-11.59706,1,2.876822,68.225909
RD2412,59.664954,-0.335046,1,2.753884,63.503326
RD2413,65.483104,5.483104,0,3.096109,73.007393
RD2414,58.158724,-1.841276,1,2.853176,65.591674
RD2415,70.867695,10.867695,0,2.843653,69.93581
RD2416,60.845799,0.845799,0,3.185135,73.252608
RD2417,59.851871,-0.148129,1,3.449861,63.852301
RD2418,60.609026,0.609026,0,2.484934,65.895455
RD2419,66.00824,6.00824,0,2.88733,70.955592
RD2420,64.774955,4.774955,0,2.787404,71.78317
RD2421,70.433432,10.433432,0,3.481812,74.466246
RD2422,57.113191,-2.886809,1,2.386702,71.168393
RD2423,79.999999,19.999999,0,3.276418,80.431872
RD2424,72.861926,12.861926,0,3.025401,70.566844
RD2425,79.999999,19.999999,0,3.04146,72.916969
RD2426,50.86077,-9.13923,1,2.514391,68.023712
RD2427,75.884168,15.884168,0,2.930156,74.985749
RD2428,78.666559,18.666559,0,3.331594,77.737494
RD2429,63.983762,3.983762,0,3.014298,69.848396
RD2430,66.208215,6.208215,0,3.274373,65.981805
RD2431,53.773317,-6.226683,1,2.334936,66.760117
RD2432,57.977146,-2.022854,1,2.897573,67.267219
RD2433,64.982428,4.982428,0,3.00353,65.256252
RD2434,59.880025,-0.119975,1,2.35825,75.900362
RD2435,69.781474,9.781474,0,3.554047,74.46827
RD2436,73.112915,13.112915,0,3.099189,72.936943
RD2437,67.472974,7.472974,0,2.853015,69.995917
RD2438,43.455087,-16.544913,1,2.350538,64.673594
RD2439,79.999999,19.999999,0,3.07613,81.168796
RD2440,48.463433,-11.536567,1,3.067147,64.613556
RD2441,58.171833,-1.828167,1,2.769937,69.782128
RD2442,57.568116,-2.431884,1,3.236605,65.258983
RD2443,64.749237,4.749237,0,3.055487,66.921121
RD2444,67.784534,7.784534,0,2.741662,75.681386
RD2445,79.999999,19.999999,0,2.916583,77.740275
RD2446,67.46462,7.46462,0,2.955491,69.144603
RD2447,55.257691,-4.742309,1,2.946785,72.838275
RD2448,52.304417,-7.695583,1,2.466651,68.163351
RD2449,65.2528,5.2528,0,2.314083,62.545737
RD2450,57.33575,-2.66425,1,2.356293,68.048457
RD2451,57.080012,-2.919988,1,2.995873,75.158758
RD2452,42.630398,-17.369602,1,2.276221,61.60211
RD2453,71.137171,11.137171,0,2.365103,70.938459
RD2454,56.607183,-3.392817,1,2.606182,68.433502
RD2455,50.462993,-9.537007,1,2.479206,64.584109
RD2456,56.238889,-3.761111,1,2.402037,78.905037
RD2457,66.989802,6.989802,0,3.731612,72.460848
RD2458,59.34226,-0.65774,1,2.727519,66.742855
RD2459,79.999999,19.999999,0,3.208559,77.814252
RD2460,66.360954,6.360954,0,3.078233,77.52134
RD2461,68.426973,8.426973,0,2.873402,79.303654
RD2462,61.51914,1.51914,0,3.039465,64.644397
RD2463,66.003599,6.003599,0,3.69292,64.861809
RD2464,59.283982,-0.716018,1,2.489318,77.463764
RD2465,55.505374,-4.494626,1,2.658548,66.200752
RD2466,51.775637,-8.224363,1,2.658448,65.767594
RD2467,71.275087,11.275087,0,3.584035,82.299422
RD2468,65.493375,5.493375,0,3.181656,62.32497
RD2469,56.558559,-3.441441,1,3.391424,66.940259
RD2470,55.598233,-4.401767,1,3.238316,62.713791
RD2471,65.696369,5.696369,0,2.320608,69.314808
RD2472,69.673797,9.673797,0,2.983947,72.325367
RD2473,58.122759,-1.877241,1,2.649177,76.900117
RD2474,55.756423,-4.243577,1,2.759869,74.604326
RD2475,63.549344,3.549344,0,2.748317,74.686139
RD2476,58.8426,-1.1574,1,2.946555,77.696882
RD2477,79.241953,19.241953,0,3.89663,79.622683
RD2478,68.85226,8.85226,0,2.875491,69.783307
RD2479,66.006435,6.006435,0,2.341756,73.31695
RD2480,65.057002,5.057002,0,3.205273,71.492496
RD2481,47.740811,-12.259189,1,3.148106,73.809011
RD2482,52.71924,-7.28076,1,2.618004,71.120151
RD2483,64.909485,4.909485,0,3.067262,64.601173
RD2484,57.049389,-2.950611,1,2.272395,67.465673
RD2485,51.609778,-8.390222,1,3.07238,64.627166
RD2486,65.740941,5.740941,0,2.650533,65.046621
RD2487,43.109615,-16.890385,1,2.398339,60.049283
RD2488,55.833077,-4.166923,1,2.390228,61.145014
RD2489,74.604908,14.604908,0,3.094935,75.020228
RD2490,71.092592,11.092592,0,3.267341,67.202712
RD2491,45.832805,-14.167195,1,2.141158,58.319929
RD2492,50.43872,-9.56128,1,2.639714,65.484875
RD2493,61.510812,1.510812,0,2.680579,63.585067
RD2494,75.108834,15.108834,0,2.919968,76.613624
RD2495,69.626968,9.626968,0,3.131626,72.176393
RD2496,65.466554,5.466554,0,3.116145,71.601553
RD2497,76.077827,16.077827,0,3.511261,76.793342
RD2498,48.816413,-11.183587,1,2.242269,73.745473
RD2499,70.654471,10.654471,0,3.583738,76.529116
RD2500,67.000675,7.000675,0,3.389221,75.444826
RD2501,51.754383,-8.245617,1,2.58326,67.668232
RD2502,50.37823,-9.62177,1,2.386616,74.3497
RD2503,59.0219,-0.9781,1,2.529027,73.07479
RD2504,64.707977,4.707977,0,2.737855,69.201928
RD2505,67.752441,7.752441,0,3.15038,67.023057
RD2506,54.2808,-5.7192,1,2.549159,54.553793
RD2507,68.661357,8.661357,0,3.342441,74.089679
RD2508,71.103974,11.103974,0,2.361569,70.258396
RD2509,58.94412,-1.05588,1,3.496185,81.110198
RD2510,71.358154,11.358154,0,3.114116,73.948478
RD2511,61.017729,1.017729,0,2.908159,68.959186
RD2512,53.351167,-6.648833,1,2.934797,69.806743
RD2513,55.646451,-4.353549,1,2.404267,65.859527
RD2514,50.56481,-9.43519,1,2.516996,67.825825
RD2515,70.175253,10.175253,0,2.638255,73.306806
RD2516,64.73902,4.73902,0,2.959149,72.970489
RD2517,46.428916,-13.571084,1,2.169862,66.047734
RD2518,75.559834,15.559834,0,2.918233,80.792136
RD2519,67.01406,7.01406,0,2.356478,73.49314
RD2520,60.406544,0.406544,0,3.313945,59.557098
RD2521,69.261523,9.261523,0,2.944675,70.952564
RD2522,70.968691,10.968691,0,2.710704,71.749833
RD2523,72.706046,12.706046,0,2.404996,74.274242
RD2524,57.529028,-2.470972,1,2.686549,67.321328
RD2525,58.83276,-1.16724,1,2.487395,65.020878
RD2526,52.3569,-7.6431,1,2.495936,64.333063
RD2527,59.25575,-0.74425,1,2.717092,71.121002
RD2528,79.999999,19.999999,0,3.189971,81.844466
RD2529,45.742637,-14.257363,1,2.480534,69.703764
RD2530,66.221108,6.221108,0,3.4031,69.181062
RD2531,40.000001,-19.999999,1,2.180045,64.986127
RD2532,48.445743,-11.554257,1,2.92823,62.476326
RD2533,46.493267,-13.506733,1,2.304621,70.91718
RD2534,60.269469,0.269469,0,3.256695,74.66532
RD2535,64.59179,4.59179,0,3.044871,69.030164
RD2536,59.870012,-0.129988,1,3.267442,65.133786
RD2537,64.898183,4.898183,0,2.725731,70.311896
RD2538,55.106246,-4.893754,1,2.720477,65.75635
RD2539,79.567673,19.567673,0,2.605986,79.7853
RD2540,66.533765,6.533765,0,3.138655,67.850984
RD2541,74.644393,14.644393,0,2.824094,77.001232
RD2542,44.849101,-15.150899,1,2.668847,65.939644
RD2543,69.593025,9.593025,0,3.092643,72.191686
RD2544,49.070596,-10.929404,1,2.990323,64.534636
RD2545,73.901548,13.901548,0,3.215204,74.023937
RD2546,69.974343,9.974343,0,3.499936,67.320603
RD2547,61.638794,1.638794,0,2.81526,78.359005
RD2548,51.96812,-8.03188,1,2.476465,68.841872
RD2549,64.091238,4.091238,0,2.618114,65.615916
RD2550,54.578982,-5.421018,1,2.470655,67.059097
RD2551,63.273571,3.273571,0,2.714092,64.706341
RD2552,62.184779,2.184779,0,2.900674,71.45656
RD2553,71.508636,11.508636,0,3.248682,79.736487
RD2554,63.071419,3.071419,0,3.202867,65.494623
RD2555,58.941907,-1.058093,1,2.744505,81.200547
RD2556,64.61467,4.61467,0,2.452314,71.588503
RD2557,46.52992,-13.47008,1,2.390379,57.461221
RD2558,52.564414,-7.435586,1,2.37241,64.574464
RD2559,62.402271,2.402271,0,2.903015,73.918756
RD2560,53.819568,-6.180432,1,2.58179,72.800883
RD2561,53.744626,-6.255374,1,2.810964,73.962341
RD2562,57.816871,-2.183129,1,3.230708,69.937197
RD2563,74.910171,14.910171,0,3.593412,74.196616
RD2564,79.769582,19.769582,0,3.249446,85.011121
RD2565,79.962234,19.962234,0,3.072184,70.97191
RD2566,62.317102,2.317102,0,2.722232,59.144692
RD2567,53.235999,-6.764001,1,2.331156,69.50979
RD2568,59.364259,-0.635741,1,2.618454,66.686184
RD2569,49.532048,-10.467952,1,2.367204,65.559489
RD2570,60.721052,0.721052,0,2.559952,60.046112
RD2571,65.135576,5.135576,0,2.589563,63.224352
RD2572,63.971032,3.971032,0,3.117939,73.181939
RD2573,65.03697,5.03697,0,2.593695,66.224472
RD2574,55.199382,-4.800618,1,2.977133,68.02674
RD2575,61.479094,1.479094,0,2.833679,68.426288
RD2576,62.724494,2.724494,0,2.499891,75.041761
RD2577,58.071625,-1.928375,1,2.814794,64.316348
RD2578,56.0381,-3.9619,1,2.763256,77.010085
RD2579,69.403422,9.403422,0,3.017163,73.345947
RD2580,48.980292,-11.019708,1,2.82159,66.874925
RD2581,51.128968,-8.871032,1,2.565953,65.318854
RD2582,56.614817,-3.385183,1,2.844697,65.365689
RD2583,58.121868,-1.878132,1,2.609094,63.500978
RD2584,68.857617,8.857617,0,2.807583,65.993456
RD2585,50.845098,-9.154902,1,2.190642,63.959182
RD2586,64.062493,4.062493,0,2.655924,65.053762
RD2587,49.865523,-10.134477,1,2.456843,70.71403
RD2588,65.971004,5.971004,0,2.60735,68.644257
RD2589,79.636895,19.636895,0,2.775912,77.866091
RD2590,47.827714,-12.172286,1,3.007781,67.569667
RD2591,73.681506,13.681506,0,3.124484,75.430885
RD2592,53.411798,-6.588202,1,2.803561,62.432046
RD2593,68.80305,8.80305,0,3.076593,70.757051
RD2594,63.364965,3.364965,0,2.944191,74.099939
RD2595,69.970679,9.970679,0,2.86541,72.692613
RD2596,59.277705,-0.722295,1,2.645761,70.235911
RD2597,78.018093,18.018093,0,3.309033,79.737128
RD2598,62.121183,2.121183,0,2.815884,63.570026
RD2599,79.869494,19.869494,0,3.54225,74.673523
RD2600,54.699128,-5.300872,1,2.028298,65.427679
